기업명,주관사,상장일,공모가,(수정)공모가,(상장일)시가,(공모가_시가)등락률,(상장일)종가,(공모가_종가)등락률,산업군,섹터
아이지넷,한국투자증권㈜,2025-02-04,"7,000","7,000","6,110",-12.7,"4,355",-37.8,소프트웨어,Growth
피아이이,삼성증권㈜,2025-02-04,"5,000","5,000","5,000",0.0,"4,365",-12.7,기계제조,Sensitive
삼양엔씨켐,KB증권㈜,2025-02-03,"18,000","18,000","23,650",31.4,"17,960",-0.2,화학,Sensitive
아스테라시스,DB금융투자주식회사,2025-01-24,"4,600","4,600","7,770",68.9,"6,640",44.3,의료/의약,Growth
데이원컴퍼니,"미래에셋증권 주식회사,삼성증권㈜",2025-01-24,"13,000","13,000","10,760",-17.2,"7,800",-40.0,서비스,Protective
와이즈넛,삼성증권㈜,2025-01-24,"17,000","17,000","14,020",-17.5,"10,800",-36.5,소프트웨어,Growth
미트박스글로벌,미래에셋증권 주식회사,2025-01-23,"19,000","19,000","18,600",-2.1,"14,200",-25.3,IT,Growth
파인메딕스,한국투자증권㈜,2024-12-26,"10,000","10,000","25,300",153.0,"16,000",60.0,의료/의약,Growth
쓰리에이로직스,"신한투자증권 주식회사,미래에셋증권 주식회사",2024-12-24,"11,000","11,000","14,060",27.8,"9,130",-17.0,전자/회로,Growth
듀켐바이오,엔에이치투자증권주식회사,2024-12-20,"8,000","8,000","12,100",51.3,"9,080",13.5,의료/의약,Growth
온코닉테라퓨틱스,엔에이치투자증권주식회사,2024-12-19,"13,000","13,000","18,000",38.5,"17,300",33.1,의료/의약,Growth
온코크로스,미래에셋증권 주식회사,2024-12-18,"7,300","7,300","12,650",73.3,"8,960",22.7,의료/의약,Growth
벡트,신한투자증권 주식회사,2024-12-16,"3,900","3,900","9,960",155.4,"7,730",98.2,기계제조,Sensitive
엠앤씨솔루션,KB증권㈜,2024-12-16,"65,000","65,000","58,000",-10.8,"51,800",-20.3,기계제조,Sensitive
위츠,신한투자증권 주식회사,2024-11-20,"6,400","6,400","6,780",5.9,"14,690",129.5,기계제조,Sensitive
사이냅소프트,엔에이치투자증권주식회사,2024-11-19,"24,500","24,500","21,000",-14.3,"18,490",-24.5,소프트웨어,Growth
엠오티,한국투자증권㈜,2024-11-18,"10,000","10,000","8,450",-15.5,"7,800",-22.0,기계제조,Sensitive
에스켐,엔에이치투자증권주식회사,2024-11-18,"10,000","10,000","10,730",7.3,"7,090",-29.1,화학,Sensitive
쓰리빌리언,한국투자증권㈜,2024-11-14,"4,500","4,500","5,410",20.2,"4,100",-8.9,의료/의약,Growth
닷밀,미래에셋증권 주식회사,2024-11-13,"13,000","13,000","9,520",-26.8,"8,610",-33.8,엔터,Growth
노머스,대신증권㈜,2024-11-12,"30,200","30,200","21,500",-28.8,"19,400",-35.8,엔터,Growth
에어레인,신영증권㈜,2024-11-08,"23,000","23,000","16,450",-28.5,"17,590",-23.5,부품제조,Sensitive
토모큐브,대신증권㈜,2024-11-07,"16,000","16,000","12,250",-23.4,"10,070",-37.1,부품제조,Sensitive
더본코리아,"한국투자증권㈜,엔에이치투자증권주식회사",2024-11-06,"34,000","34,000","46,350",36.3,"51,400",51.2,식품,Protective
에이치이엠파마,신한투자증권 주식회사,2024-11-05,"23,000","23,000","20,500",-10.9,"16,400",-28.7,바이오,Growth
에이럭스,한국투자증권㈜,2024-11-01,"16,000","16,000","12,460",-22.1,"9,880",-38.3,IT,Growth
탑런토탈솔루션,KB증권㈜,2024-11-01,"18,000","18,000","15,120",-16.0,"13,740",-23.7,부품제조,Sensitive
성우,한국투자증권㈜,2024-10-31,"32,000","32,000","32,000",0.0,"28,000",-12.5,기계제조,Sensitive
클로봇,미래에셋증권 주식회사,2024-10-28,"13,000","13,000","12,500",-3.8,"10,070",-22.5,소프트웨어,Growth
웨이비스,대신증권㈜,2024-10-25,"15,000","15,000","18,010",20.1,"10,890",-27.4,부품제조,Sensitive
에이치엔에스하이텍,미래에셋증권 주식회사,2024-10-25,"22,000","22,000","19,390",-11.9,"16,980",-22.8,부품제조,Sensitive
씨메스,"유진투자증권㈜,삼성증권㈜",2024-10-24,"30,000","30,000","35,600",18.7,"23,100",-23.0,기계제조,Sensitive
한켐,신영증권㈜,2024-10-22,"18,000","18,000","32,500",80.6,"22,800",26.7,화학,Sensitive
루미르,엔에이치투자증권주식회사,2024-10-21,"12,000","12,000","14,000",16.7,"14,910",24.3,항공제조,Sensitive
와이제이링크,KB증권㈜,2024-10-18,"12,000","12,000","12,760",6.3,"21,800",81.7,기계제조,Sensitive
인스피언,한국투자증권㈜,2024-10-18,"12,000","12,000","20,000",66.7,"15,820",31.8,소프트웨어,Growth
셀비온,대신증권㈜,2024-10-16,"15,000","15,000","25,400",69.3,"20,650",37.7,의료/의약,Growth
제닉스,신영증권㈜,2024-09-30,"40,000","13,338","19,673",47.5,"15,339",15.0,기계제조,Sensitive
아이언디바이스,대신증권㈜,2024-09-23,"7,000","7,000","18,000",157.1,"10,900",55.7,전자/회로,Growth
아이스크림미디어,삼성증권㈜,2024-08-30,"32,000","32,000","29,700",-7.2,"22,500",-29.7,서비스,Protective
이엔셀,엔에이치투자증권주식회사,2024-08-23,"15,300","15,300","35,100",129.4,"17,200",12.4,의료/의약,Growth
엠83,신영증권㈜,2024-08-22,"16,000","16,000","26,000",62.5,"22,300",39.4,엔터,Growth
티디에스팜,한국투자증권㈜,2024-08-21,"13,000","13,000","27,000",107.7,"52,000",300.0,의료/의약,Growth
넥스트바이오메디컬,한국투자증권㈜,2024-08-20,"29,000","29,000","27,000",-6.9,"23,700",-18.3,의료/의약,Growth
케이쓰리아이,하나증권주식회사,2024-08-20,"15,500","15,500","15,800",1.9,"10,550",-31.9,소프트웨어,Growth
전진건설로봇,미래에셋증권 주식회사,2024-08-19,"16,500","16,500","27,500",66.7,"20,550",24.5,기계제조,Sensitive
유라클,키움증권㈜,2024-08-16,"21,000","21,000","27,900",32.9,"21,000",0.0,소프트웨어,Growth
뱅크웨어글로벌,미래에셋증권 주식회사,2024-08-12,"16,000","16,000","15,990",-0.1,"15,750",-1.6,소프트웨어,Growth
아이빔테크놀로지,삼성증권㈜,2024-08-06,"10,000","10,000","10,000",0.0,"13,360",33.6,전자/회로,Growth
피앤에스미캐닉스,키움증권㈜,2024-07-31,"22,000","22,000","30,000",36.4,"25,050",13.9,의료/의약,Growth
산일전기,미래에셋증권 주식회사,2024-07-29,"35,000","35,000","44,900",28.3,"50,200",43.4,기계제조,Sensitive
엑셀세라퓨틱스,대신증권㈜,2024-07-15,"10,000","10,000","12,480",24.8,"8,330",-16.7,의료/의약,Growth
시프트업,"한국투자증권㈜,제이피모간증권회사 서울지점,엔에이치투자증권주식회사",2024-07-11,"60,000","60,000","79,900",33.2,"71,000",18.3,IT,Growth
하스,삼성증권㈜,2024-07-03,"16,000","16,000","27,600",72.5,"17,150",7.2,의료/의약,Growth
이노스페이스,미래에셋증권 주식회사,2024-07-02,"43,300","43,300","43,900",1.4,"34,450",-20.4,항공제조,Sensitive
에이치브이엠,엔에이치투자증권주식회사,2024-06-28,"18,000","18,000","28,650",59.2,"20,200",12.2,철강,Sensitive
하이젠알앤엠,한국투자증권㈜,2024-06-27,"7,000","7,000","18,000",157.1,"15,160",116.6,기계제조,Sensitive
에스오에스랩,한국투자증권㈜,2024-06-25,"11,500","11,500","20,850",81.3,"14,420",25.4,항공제조,Sensitive
한중엔시에스,IBK투자증권㈜,2024-06-24,"30,000","30,000","45,550",51.8,"34,000",13.3,자동차,Sensitive
씨어스테크놀로지,한국투자증권㈜,2024-06-19,"17,000","17,000","34,450",102.6,"18,500",8.8,의료/의약,Growth
라메디텍,대신증권㈜,2024-06-17,"16,000","16,000","50,000",212.5,"24,550",53.4,기계제조,Sensitive
그리드위즈,삼성증권㈜,2024-06-14,"40,000","40,000","60,600",51.5,"49,500",23.8,에너지,Sensitive
노브랜드,삼성증권㈜,2024-05-23,"14,000","7,313","16,194",121.4,"28,365",287.9,옷,Protective
아이씨티케이,엔에이치투자증권주식회사,2024-05-17,"20,000","20,000","19,990",-0.1,"28,700",43.5,IT,Growth
에이치디현대마린솔루션,"신한투자증권 주식회사,하나증권주식회사,유비에스증권 리미티드 서울지점,CS증권 서울지점,제이피모간증권회사 서울지점,KB증권㈜",2024-05-08,"83,400","83,400","119,900",43.8,"163,900",96.5,건설,Sensitive
코칩,한국투자증권㈜,2024-05-07,"18,000","18,000","33,000",83.3,"28,450",58.1,전자/회로,Growth
민테크,KB증권㈜,2024-05-03,"10,500","10,500","14,900",41.9,"12,880",22.7,전자/회로,Growth
디앤디파마텍,한국투자증권㈜,2024-05-02,"33,000","33,000","49,250",49.2,"36,500",10.6,바이오,Growth
제일엠앤에스,KB증권㈜,2024-04-30,"22,000","22,000","37,700",71.4,"27,000",22.7,배터리,Growth
아이엠비디엑스,미래에셋증권 주식회사,2024-04-03,"13,000","13,000","28,550",119.6,"36,000",176.9,바이오,Growth
엔젤로보틱스,엔에이치투자증권주식회사,2024-03-26,"20,000","20,000","50,500",152.5,"65,000",225.0,로봇,Growth
삼현,한국투자증권㈜,2024-03-21,"30,000","10,007","22,350",123.3,"15,678",56.7,부품제조,Sensitive
오상헬스케어,엔에이치투자증권주식회사,2024-03-13,"20,000","20,000","33,250",66.3,"29,350",46.8,의료/의약,Growth
케이엔알시스템,"엔에이치투자증권주식회사,DB금융투자주식회사",2024-03-07,"13,500","13,500","37,000",174.1,"27,050",100.4,로봇,Growth
에이피알,"신한투자증권 주식회사,하나증권주식회사",2024-02-27,"250,000","50,000","89,100",78.2,"63,500",27.0,화학,Sensitive
코셈,키움증권㈜,2024-02-23,"16,000","16,000","42,000",162.5,"25,550",59.7,기계제조,Sensitive
이에이트,한화투자증권㈜,2024-02-23,"20,000","18,399","24,057",30.8,"20,791",13.0,소프트웨어,Growth
케이웨더,엔에이치투자증권주식회사,2024-02-22,"7,000","7,000","19,920",184.6,"16,600",137.1,IT,Growth
스튜디오삼익,DB금융투자주식회사,2024-02-06,"18,000","18,000","52,000",188.9,"39,900",121.7,가구/가전,Protective
이닉스,삼성증권㈜,2024-02-01,"14,000","14,000","46,550",232.5,"37,100",165.0,화학,Sensitive
포스뱅크,하나증권주식회사,2024-01-29,"18,000","18,000","47,550",164.2,"23,350",29.7,IT,Growth
현대힘스,미래에셋증권 주식회사,2024-01-26,"7,300","7,300","28,950",296.6,"29,200",300.0,선박,Sensitive
에이치비인베스트먼트,엔에이치투자증권주식회사,2024-01-25,"3,400","3,400","10,100",197.1,"6,700",97.1,투자,Sensitive
우진엔텍,KB증권㈜,2024-01-24,"5,300","5,300","21,200",300.0,"21,200",300.0,전자/회로,Growth
디에스단석,"엔에이치투자증권주식회사,KB증권㈜",2023-12-22,"100,000","33,346","123,381",270.0,"133,385",300.0,화학,Sensitive
블루엠텍,"키움증권㈜,하나증권주식회사",2023-12-13,"19,000","19,000","55,300",191.1,"51,000",168.4,의료/의약,Growth
엘에스머트리얼즈,"KB증권㈜,키움증권㈜",2023-12-12,"6,000","6,000","19,940",232.3,"24,000",300.0,전자/회로,Growth
케이엔에스,신영증권㈜,2023-12-06,"23,000","11,500","35,500",208.7,"46,000",300.0,전자/회로,Growth
와이바이오로직스,유안타증권㈜,2023-12-05,"9,000","9,000","23,450",160.6,"12,800",42.2,바이오,Growth
에이텀,하나증권주식회사,2023-12-01,"18,000","18,000","56,900",216.1,"30,400",68.9,전자/회로,Growth
에이에스텍,미래에셋증권 주식회사,2023-11-28,"28,000","28,000","85,000",203.6,"70,100",150.4,전자/회로,Growth
그린리소스,엔에이치투자증권주식회사,2023-11-24,"17,000","17,000","29,500",73.5,"52,300",207.6,반도체,Growth
한선엔지니어링,대신증권㈜,2023-11-24,"7,000","7,000","16,600",137.1,"18,330",161.9,부품제조,Sensitive
동인기연,엔에이치투자증권주식회사,2023-11-21,"30,000","30,000","30,700",2.3,"29,150",-2.8,부품제조,Sensitive
에코아이,KB증권㈜,2023-11-21,"34,700","34,700","46,100",32.9,"62,300",79.5,환경,기타
스톰테크,iM증권,2023-11-20,"11,000","5,500","9,445",71.7,"9,530",73.3,부품제조,Sensitive
에코프로머티,"미래에셋증권 주식회사,엔에이치투자증권주식회사",2023-11-17,"36,200","36,200","43,000",18.8,"57,200",58.0,배터리,Growth
캡스톤파트너스,엔에이치투자증권주식회사,2023-11-15,"4,000","4,000","7,000",75.0,"9,180",129.5,투자,Sensitive
에이직랜드,삼성증권㈜,2023-11-13,"25,000","25,000","31,800",27.2,"30,300",21.2,반도체,Growth
에스와이스틸텍,KB증권㈜,2023-11-13,"1,800","1,800","3,300",83.3,"4,065",125.8,기계제조,Sensitive
메가터치,엔에이치투자증권주식회사,2023-11-09,"4,800","4,800","6,960",45.0,"5,590",16.5,전자/회로,Growth
비아이매트릭스,IBK투자증권㈜,2023-11-09,"13,000","13,000","17,040",31.1,"11,660",-10.3,소프트웨어,Growth
컨텍,대신증권㈜,2023-11-09,"22,500","22,500","19,700",-12.4,"15,920",-29.2,IT,Growth
큐로셀,"미래에셋증권 주식회사,삼성증권㈜",2023-11-09,"20,000","20,000","22,550",12.8,"21,700",8.5,바이오,Growth
쏘닉스,KB증권㈜,2023-11-07,"7,500","7,500","10,000",33.3,"9,430",25.7,반도체,Growth
유투바이오,신한투자증권 주식회사,2023-11-02,"4,400","4,400","6,000",36.4,"8,550",94.3,바이오,Growth
유진테크놀로지,엔에이치투자증권주식회사,2023-11-02,"17,000","17,000","24,550",44.4,"21,200",24.7,배터리,Growth
퀄리타스반도체,한국투자증권㈜,2023-10-27,"17,000","16,253","27,917",71.8,"19,743",21.5,반도체,Growth
워트,키움증권㈜,2023-10-26,"6,500","6,500","10,270",58.0,"8,650",33.1,기계제조,Sensitive
에스엘에스바이오,하나증권주식회사,2023-10-20,"7,000","3,500","4,665",33.3,"3,135",-10.4,바이오,Growth
신성에스티,미래에셋증권 주식회사,2023-10-19,"26,000","26,000","46,050",77.1,"39,050",50.2,자동차,Sensitive
퓨릿,미래에셋증권 주식회사,2023-10-18,"10,700","10,700","15,610",45.9,"14,460",35.1,화학,Sensitive
아이엠티,유안타증권㈜,2023-10-10,"14,000","14,000","28,000",100.0,"20,750",48.2,기계제조,Sensitive
레뷰코퍼레이션,삼성증권㈜,2023-10-06,"15,000","15,000","40,000",166.7,"23,000",53.3,서비스,Protective
두산로보틱스,"한국투자증권㈜,CS증권 서울지점,KB증권㈜,엔에이치투자증권주식회사,미래에셋증권 주식회사",2023-10-05,"26,000","26,000","59,100",127.3,"51,400",97.7,로봇,Growth
한싹,KB증권㈜,2023-10-04,"12,500","6,253","18,686",198.8,"10,756",72.0,소프트웨어,Growth
밀리의서재,미래에셋증권 주식회사,2023-09-27,"23,000","23,000","41,100",78.7,"41,600",80.9,서비스,Protective
인스웨이브시스템즈,신영증권㈜,2023-09-25,"24,000","8,009","12,046",50.4,"17,185",114.6,소프트웨어,Growth
시큐레터,대신증권㈜,2023-08-24,"12,000","12,000","19,000",58.3,"24,300",102.5,소프트웨어,Growth
스마트레이더시스템,대신증권㈜,2023-08-22,"8,000","8,000","16,110",101.4,"10,470",30.9,자동차,Sensitive
넥스틸,하나증권주식회사,2023-08-21,"11,500","11,500","11,990",4.3,"10,740",-6.6,철강,Sensitive
빅텐츠,엔에이치투자증권주식회사,2023-08-17,"23,000","3,068","3,588",16.9,"3,515",14.6,엔터,Growth
코츠테크놀로지,한국투자증권㈜,2023-08-10,"13,000","13,000","25,000",92.3,"20,400",56.9,부품제조,Sensitive
큐리옥스바이오시스템즈,키움증권㈜,2023-08-10,"13,000","6,502","6,502",0.0,"8,667",33.3,의료/의약,Growth
파두,"한국투자증권㈜,엔에이치투자증권주식회사",2023-08-07,"31,000","31,000","26,300",-15.2,"27,600",-11.0,반도체,Growth
엠아이큐브솔루션,한국투자증권㈜,2023-08-04,"12,000","12,000","36,900",207.5,"26,700",122.5,소프트웨어,Growth
시지트로닉스,유안타증권㈜,2023-08-03,"25,000","25,000","26,350",5.4,"23,100",-7.6,반도체,Growth
에이엘티,미래에셋증권 주식회사,2023-07-27,"25,000","25,000","31,600",26.4,"22,550",-9.8,전자/회로,Growth
파로스아이바이오,한국투자증권㈜,2023-07-27,"14,000","14,000","12,330",-11.9,"8,730",-37.6,바이오,Growth
버넥트,대신증권㈜,2023-07-26,"16,000","16,000","23,600",47.5,"11,700",-26.9,소프트웨어,Growth
뷰티스킨,DB금융투자주식회사,2023-07-24,"26,000","26,000","54,500",109.6,"32,600",25.4,화학,Sensitive
와이랩,한국투자증권㈜,2023-07-20,"9,000","9,000","21,600",140.0,"10,350",15.0,엔터,Growth
센서뷰,삼성증권㈜,2023-07-19,"4,500","3,922","11,070",182.2,"5,953",51.8,부품제조,Sensitive
필에너지,미래에셋증권 주식회사,2023-07-14,"34,000","17,000","61,300",260.6,"57,300",237.1,배터리,Growth
이노시뮬레이션,하나증권주식회사,2023-07-06,"15,000","15,000","44,850",199.0,"35,000",133.3,소프트웨어,Growth
알멕,엔에이치투자증권주식회사,2023-06-30,"50,000","50,000","145,400",190.8,"99,500",99.0,철강,Sensitive
오픈놀,하나증권주식회사,2023-06-30,"10,000","10,000","13,000",30.0,"15,750",57.5,소프트웨어,Growth
시큐센,신한투자증권 주식회사,2023-06-29,"3,000","3,000","8,940",198.0,"9,150",205.0,소프트웨어,Growth
프로테옴텍,키움증권㈜,2023-06-16,"4,500","4,500","6,500",44.4,"5,210",15.8,의료/의약,Growth
큐라티스,"대신증권㈜,신영증권㈜",2023-06-15,"4,000","4,000","4,500",12.5,"5,850",46.3,바이오,Growth
마녀공장,한국투자증권㈜,2023-06-08,"16,000","16,000","32,000",100.0,"41,600",160.0,화학,Sensitive
나라셀라,신영증권㈜,2023-06-02,"20,000","10,007","9,756",-2.5,"8,756",-12.5,식품,Protective
진영,iM증권,2023-06-01,"5,000","5,000","10,000",100.0,"8,680",73.6,부품제조,Sensitive
기가비스,삼성증권㈜,2023-05-24,"43,000","43,000","71,200",65.6,"79,000",83.7,기계제조,Sensitive
씨유박스,"신한투자증권 주식회사,SK증권㈜",2023-05-19,"15,000","15,000","15,680",4.5,"13,920",-7.2,소프트웨어,Growth
모니터랩,미래에셋증권 주식회사,2023-05-19,"9,800","9,800","19,600",100.0,"14,200",44.9,소프트웨어,Growth
트루엔,미래에셋증권 주식회사,2023-05-17,"12,000","12,000","19,340",61.2,"17,200",43.3,기계제조,Sensitive
에스바이오메딕스,미래에셋증권 주식회사,2023-05-04,"18,000","18,000","23,150",28.6,"18,830",4.6,의료/의약,Growth
토마토시스템,교보증권㈜,2023-04-27,"18,200","6,157","6,123",-0.6,"4,956",-19.5,소프트웨어,Growth
마이크로투나노,한국투자증권㈜,2023-04-26,"15,500","15,500","25,200",62.6,"20,650",33.2,반도체,Growth
지아이이노베이션,"엔에이치투자증권주식회사,하나증권주식회사,삼성증권㈜",2023-03-30,"13,000","6,503","9,479",45.8,"10,129",55.8,의료/의약,Growth
엘비인베스트먼트,미래에셋증권 주식회사,2023-03-29,"5,100","5,100","6,500",27.5,"8,450",65.7,투자,Sensitive
금양그린파워,삼성증권㈜,2023-03-13,"10,000","10,000","19,000",90.0,"16,200",62.0,에너지,Sensitive
자람테크놀로지,신영증권㈜,2023-03-07,"22,000","22,000","44,000",100.0,"42,700",94.1,반도체,Growth
나노팀,한국투자증권㈜,2023-03-03,"13,000","13,000","26,000",100.0,"29,800",129.2,기계제조,Sensitive
바이오인프라,DB금융투자주식회사,2023-03-02,"21,000","21,000","42,000",100.0,"29,400",40.0,바이오,Growth
이노진,IBK투자증권㈜,2023-02-20,"3,000","3,000","6,000",100.0,"7,800",160.0,화학,Sensitive
제이오,한국투자증권㈜,2023-02-16,"13,000","13,000","19,900",53.1,"21,500",65.4,건설,Sensitive
샌즈랩,키움증권㈜,2023-02-15,"10,500","10,500","21,000",100.0,"24,900",137.1,소프트웨어,Growth
꿈비,키움증권㈜,2023-02-09,"5,000","3,890","7,781",100.0,"10,115",160.0,가구/가전,Protective
스튜디오미르,미래에셋증권 주식회사,2023-02-07,"19,500","3,253","6,507",100.0,"8,459",160.0,엔터,Growth
삼기이브이,대신증권㈜,2023-02-03,"11,000","2,751","5,503",100.0,"6,716",144.1,자동차,Sensitive
오브젠,한국투자증권㈜,2023-01-30,"18,000","18,000","36,000",100.0,"46,800",160.0,소프트웨어,Growth
미래반도체,신한투자증권 주식회사,2023-01-27,"6,000","6,000","12,000",100.0,"15,600",160.0,반도체,Growth
한주라이트메탈,"미래에셋증권 주식회사,현대차증권주식회사",2023-01-19,"3,100","2,202","2,923",32.7,"3,793",72.3,화학,Sensitive
티이엠씨,한화투자증권㈜,2023-01-19,"28,000","14,000","13,975",-0.2,"14,050",0.4,화학,Sensitive
바이오노트,"한국투자증권㈜,엔에이치투자증권주식회사",2022-12-22,"9,000","9,000","9,980",10.9,"10,650",18.3,의료/의약,Growth
에스에이엠지엔터테인먼트,엔에이치투자증권주식회사,2022-12-06,"17,000","17,000","18,050",6.2,"23,450",37.9,엔터,Growth
펨트론,하나증권주식회사,2022-11-24,"8,000","4,000","4,910",22.8,"4,605",15.1,기계제조,Sensitive
인벤티지랩,한국투자증권㈜,2022-11-22,"12,000","12,000","12,750",6.3,"14,950",24.6,의료/의약,Growth
유비온,미래에셋증권 주식회사,2022-11-18,"2,000","2,000","1,850",-7.5,"1,745",-12.8,서비스,Protective
엔젯,미래에셋증권 주식회사,2022-11-18,"10,000","10,000","9,000",-10.0,"10,850",8.5,기계제조,Sensitive
티에프이,IBK투자증권㈜,2022-11-17,"10,500","10,500","10,000",-4.8,"9,260",-11.8,부품제조,Sensitive
티쓰리엔터테인먼트,미래에셋증권 주식회사,2022-11-17,"1,700","1,700","2,445",43.8,"2,085",22.6,소프트웨어,Growth
윤성에프앤씨,미래에셋증권 주식회사,2022-11-14,"49,000","49,000","44,100",-10.0,"40,450",-17.4,기계제조,Sensitive
디티앤씨알오,키움증권㈜,2022-11-11,"17,000","8,500","7,850",-7.6,"6,925",-18.5,바이오,Growth
제이아이테크,미래에셋증권 주식회사,2022-11-04,"16,000","4,001","3,602",-10.0,"2,976",-25.6,화학,Sensitive
뉴로메카,대신증권㈜,2022-11-04,"16,900","16,900","24,250",43.5,"21,050",24.6,기계제조,Sensitive
큐알티,미래에셋증권 주식회사,2022-11-02,"44,000","14,687","14,354",-2.3,"12,801",-12.8,반도체,Growth
저스템,미래에셋증권 주식회사,2022-10-28,"10,500","10,500","11,000",4.8,"12,400",18.1,반도체,Growth
산돌,KB증권㈜,2022-10-27,"18,800","18,800","24,150",28.5,"20,850",10.9,IT,Growth
플라즈맵,미래에셋증권 주식회사,2022-10-21,"7,000","7,000","8,420",20.3,"6,700",-4.3,의료/의약,Growth
핀텔,대신증권㈜,2022-10-20,"8,900","8,900","15,300",71.9,"10,850",21.9,IT,Growth
샤페론,엔에이치투자증권주식회사,2022-10-19,"5,000","5,000","9,000",80.0,"8,630",72.6,바이오,Growth
탑머티리얼,한국투자증권㈜,2022-10-18,"30,000","30,000","33,500",11.7,"37,000",23.3,배터리,Growth
에스비비테크,미래에셋증권 주식회사,2022-10-17,"12,400","12,400","23,900",92.7,"31,050",150.4,기계제조,Sensitive
오에스피,대신증권㈜,2022-10-14,"8,400","8,400","10,850",29.2,"10,050",19.6,식품,Protective
이노룰스,엔에이치투자증권주식회사,2022-10-07,"12,500","12,500","13,150",5.2,"15,850",26.8,소프트웨어,Growth
모델솔루션,KB증권㈜,2022-10-07,"27,000","27,000","29,500",9.3,"30,900",14.4,로봇,Growth
더블유씨피,"신한투자증권 주식회사,KB증권㈜",2022-09-30,"60,000","60,000","54,000",-10.0,"41,700",-30.5,배터리,Growth
알피바이오,한국투자증권㈜,2022-09-29,"13,000","13,000","19,300",48.5,"18,300",40.8,의료/의약,Growth
오픈엣지테크놀로지,삼성증권㈜,2022-09-26,"10,000","10,000","10,800",8.0,"10,050",0.5,소프트웨어,Growth
대성하이텍,신한투자증권 주식회사,2022-08-22,"9,000","9,000","13,000",44.4,"14,600",62.2,기계제조,Sensitive
쏘카,미래에셋증권 주식회사,2022-08-22,"28,000","28,000","28,000",0.0,"26,300",-6.1,서비스,Protective
에이치와이티씨,신영증권㈜,2022-08-09,"15,000","15,000","14,700",-2.0,"15,850",5.7,배터리,Growth
새빗켐,한국투자증권㈜,2022-08-04,"35,000","35,000","70,000",100.0,"72,500",107.1,화학,Sensitive
수산인더스트리,삼성증권㈜,2022-08-01,"35,000","35,000","33,000",-5.7,"32,500",-7.1,건설,Sensitive
아이씨에이치,삼성증권㈜,2022-07-29,"34,000","11,338","10,205",-10.0,"9,004",-20.6,전자/회로,Growth
에이프릴바이오,엔에이치투자증권주식회사,2022-07-28,"16,000","8,004","9,755",21.9,"10,930",36.6,바이오,Growth
성일하이텍,"대신증권㈜,KB증권㈜",2022-07-28,"50,000","50,000","99,900",99.8,"88,200",76.4,배터리,Growth
루닛,엔에이치투자증권주식회사,2022-07-21,"30,000","14,484","14,870",2.7,"19,312",33.3,IT,Growth
에이치피에스피,엔에이치투자증권주식회사,2022-07-15,"25,000","6,250","12,500",100.0,"10,813",73.0,반도체,Growth
영창케미칼,하나증권주식회사,2022-07-14,"18,600","18,600","18,400",-1.1,"16,450",-11.6,화학,Sensitive
코난테크놀로지,한국투자증권㈜,2022-07-07,"25,000","12,500","17,650",41.2,"15,300",22.4,IT,Growth
넥스트칩,대신증권㈜,2022-07-01,"13,000","13,000","17,150",31.9,"14,300",10.0,반도체,Growth
레이저쎌,삼성증권㈜,2022-06-24,"16,000","16,000","20,600",28.8,"17,350",8.4,전자/회로,Growth
보로노이,"한국투자증권㈜,미래에셋증권 주식회사",2022-06-24,"40,000","32,763","29,486",-10.0,"24,040",-26.6,바이오,Growth
위니아에이드,신한투자증권 주식회사,2022-06-23,"16,200","16,200","14,600",-9.9,"11,000",-32.1,서비스,Protective
비플라이소프트,IBK투자증권㈜,2022-06-20,"10,000","2,000","2,100",5.0,"1,810",-9.5,IT,Growth
범한퓨얼셀,"한국투자증권㈜,엔에이치투자증권주식회사",2022-06-17,"40,000","40,000","41,000",2.5,"47,950",19.9,에너지,Sensitive
청담글로벌,"대신증권㈜,KB증권㈜",2022-06-03,"6,000","6,000","6,500",8.3,"7,640",27.3,유통,Protective
가온칩스,대신증권㈜,2022-05-20,"14,000","14,000","24,150",72.5,"27,100",93.6,반도체,Growth
대명에너지,"한국투자증권㈜,삼성증권㈜",2022-05-16,"15,000","15,000","15,450",3.0,"13,950",-7.0,건설,Sensitive
포바이포,미래에셋증권 주식회사,2022-04-28,"17,000","17,000","34,000",100.0,"44,200",160.0,엔터,Growth
지투파워,"한국투자증권㈜,KB증권㈜",2022-04-01,"16,400","3,320","6,639",100.0,"7,135",114.9,에너지,Sensitive
세아메카닉스,신한투자증권 주식회사,2022-03-24,"4,400","4,400","8,800",100.0,"7,600",72.7,금속,Sensitive
공구우먼,미래에셋증권 주식회사,2022-03-23,"20,000","3,337","3,604",8.0,"3,337",0.0,옷,Protective
유일로보틱스,한국투자증권㈜,2022-03-18,"10,000","10,000","20,000",100.0,"26,000",160.0,로봇,Growth
모아데이타,하나증권주식회사,2022-03-10,"20,000","3,335","3,001",-10.0,"2,676",-19.8,IT,Growth
노을,"한국투자증권㈜,삼성증권㈜",2022-03-03,"10,000","4,294","4,152",-3.3,"3,955",-7.9,바이오,Growth
비씨엔씨,엔에이치투자증권주식회사,2022-03-03,"13,000","13,000","26,000",100.0,"22,600",73.8,반도체,Growth
풍원정밀,대신증권㈜,2022-02-28,"15,200","15,200","20,200",32.9,"21,450",41.1,전자/회로,Growth
스톤브릿지벤처스,"KB증권㈜,삼성증권㈜",2022-02-25,"8,000","8,000","7,200",-10.0,"6,510",-18.6,투자,Sensitive
브이씨,한국투자증권㈜,2022-02-24,"15,000","15,000","17,400",16.0,"15,350",2.3,스포츠,Protective
퓨런티어,"신한투자증권 주식회사,유안타증권㈜",2022-02-23,"15,000","15,000","30,000",100.0,"31,200",108.0,자동차,Sensitive
바이오에프디엔씨,DB금융투자주식회사,2022-02-21,"28,000","28,000","25,200",-10.0,"22,200",-20.7,의료/의약,Growth
인카금융서비스,한국투자증권㈜,2022-02-16,"18,000","1,800","1,725",-4.2,"1,440",-20.0,금융,Infra
나래나노텍,미래에셋증권 주식회사,2022-02-08,"17,500","17,500","15,750",-10.0,"13,900",-20.6,기계제조,Sensitive
아셈스,한국투자증권㈜,2022-02-07,"8,000","8,000","16,000",100.0,"13,500",68.8,부품제조,Sensitive
스코넥엔터테인먼트,신영증권㈜,2022-02-04,"13,000","13,000","26,000",100.0,"24,450",88.1,소프트웨어,Growth
이지트로닉스,엔에이치투자증권주식회사,2022-02-04,"22,000","22,000","23,450",6.6,"25,500",15.9,기계제조,Sensitive
LG에너지솔루션,"KB증권㈜,모건스탠리 인터내셔날증권회사 서울지점",2022-01-27,"300,000","300,000","597,000",99.0,"505,000",68.3,배터리,Growth
케이옥션,신영증권㈜,2022-01-24,"20,000","6,669","13,339",100.0,"17,340",160.0,서비스,Protective
애드바이오텍,대신증권㈜,2022-01-24,"7,000","7,000","6,730",-3.9,"5,950",-15.0,의료/의약,Growth
오토앤,미래에셋증권 주식회사,2022-01-20,"5,300","5,300","8,800",66.0,"11,400",115.1,자동차,Sensitive
래몽래인,IBK투자증권㈜,2021-12-30,"15,000","15,000","26,000",73.3,"24,000",60.0,엔터,Growth
케이티비네트워크,한국투자증권㈜,2021-12-16,"5,800","5,800","6,030",4.0,"5,350",-7.8,투자,Sensitive
툴젠,한국투자증권㈜,2021-12-10,"70,000","70,000","82,300",17.6,"91,100",30.1,바이오,Growth
마인즈랩,"엔에이치투자증권주식회사,하나증권주식회사",2021-11-23,"30,000","30,000","29,650",-1.2,"38,000",26.7,소프트웨어,Growth
알비더블유,미래에셋증권 주식회사,2021-11-22,"21,400","7,141","14,283",100.0,"12,998",82.0,엔터,Growth
바이옵트로,한국투자증권㈜,2021-11-18,"7,500","7,500","7,300",-2.7,"6,290",-16.1,선박,Sensitive
트윔,대신증권㈜,2021-11-17,"22,000","22,000","44,000",100.0,"41,100",86.8,소프트웨어,Growth
아이티아이즈,신한투자증권 주식회사,2021-11-11,"14,300","14,300","28,600",100.0,"20,050",40.2,소프트웨어,Growth
지오엘리먼트,엔에이치투자증권주식회사,2021-11-11,"10,000","5,011","10,022",100.0,"7,968",59.0,부품제조,Sensitive
디어유,한국투자증권㈜,2021-11-10,"26,000","26,000","52,000",100.0,"66,500",155.8,소프트웨어,Growth
비트나인,하나증권주식회사,2021-11-10,"11,000","6,443","8,932",38.6,"6,677",3.6,소프트웨어,Growth
지니너스,대신증권㈜,2021-11-08,"20,000","6,672","6,005",-10.0,"4,470",-33.0,바이오,Growth
카카오페이,"삼성증권㈜,골드만삭스증권 서울지점,제이피모간증권회사 서울지점",2021-11-03,"90,000","90,000","180,000",100.0,"193,000",114.4,IT,Growth
피코그램,IBK투자증권㈜,2021-11-03,"12,500","2,138","4,276",100.0,"3,181",48.8,기계제조,Sensitive
엔켐,"신한투자증권 주식회사,대신증권㈜",2021-11-01,"42,000","42,000","81,600",94.3,"80,000",90.5,화학,Sensitive
리파인,KB증권㈜,2021-10-29,"21,000","21,000","18,900",-10.0,"14,300",-31.9,금융,Infra
지앤비에스엔지니어링,삼성증권㈜,2021-10-29,"17,400","4,350","6,000",37.9,"4,800",10.3,기계제조,Sensitive
아이패밀리에스씨,삼성증권㈜,2021-10-28,"25,000","6,252","7,165",14.6,"6,352",1.6,화학,Sensitive
차백신연구소,삼성증권㈜,2021-10-22,"11,000","11,000","11,700",6.4,"13,000",18.2,의료/의약,Growth
지아이텍,미래에셋증권 주식회사,2021-10-21,"14,000","2,800","5,600",100.0,"7,280",160.0,기계제조,Sensitive
케이카,"엔에이치투자증권주식회사,골드만삭스증권 서울지점",2021-10-13,"25,000","25,000","22,500",-10.0,"23,000",-8.0,자동차판매,Sensitive
씨유테크,대신증권㈜,2021-10-08,"6,000","6,000","12,000",100.0,"8,400",40.0,부품제조,Sensitive
원준,엔에이치투자증권주식회사,2021-10-07,"65,000","21,685","34,029",56.9,"29,024",33.8,배터리,Growth
아스플로,미래에셋증권 주식회사,2021-10-07,"25,000","8,337","12,005",44.0,"9,454",13.4,반도체,Growth
실리콘투,"미래에셋증권 주식회사,삼성증권㈜",2021-09-29,"27,200","4,533","6,417",41.6,"4,833",6.6,유통,Protective
에스앤디,유진투자증권㈜,2021-09-29,"28,000","28,000","25,200",-10.0,"21,700",-22.5,식품,Protective
프롬바이오,엔에이치투자증권주식회사,2021-09-28,"18,000","9,000","9,625",6.9,"9,925",10.3,식품,Protective
바이오플러스,키움증권㈜,2021-09-27,"31,500","7,883","9,885",25.4,"8,121",3.0,바이오,Growth
현대중공업,"한국투자증권㈜,CS증권 서울지점,미래에셋증권 주식회사",2021-09-17,"60,000","60,000","111,000",85.0,"111,500",85.8,선박,Sensitive
와이엠텍,KB증권㈜,2021-09-10,"28,000","14,019","28,038",100.0,"29,540",110.7,전자/회로,Growth
에이비온,"미래에셋증권 주식회사,한화투자증권㈜",2021-09-08,"17,000","17,000","16,800",-1.2,"15,700",-7.6,바이오,Growth
일진하이솔루스,"미래에셋증권 주식회사,삼성증권㈜",2021-09-01,"34,300","34,300","68,600",100.0,"89,100",159.8,부품제조,Sensitive
바이젠셀,"대신증권㈜,KB증권㈜",2021-08-25,"52,700","26,405","36,826",39.5,"29,812",12.9,의료/의약,Growth
아주스틸,미래에셋증권 주식회사,2021-08-20,"15,100","15,100","30,200",100.0,"33,500",121.9,철강,Sensitive
롯데렌탈,"한국투자증권㈜,엔에이치투자증권주식회사",2021-08-19,"59,000","59,000","57,500",-2.5,"55,500",-5.9,자동차판매,Sensitive
브레인즈컴퍼니,키움증권㈜,2021-08-19,"25,000","12,598","25,197",100.0,"32,756",160.0,소프트웨어,Growth
딥노이드,KB증권㈜,2021-08-17,"42,000","10,203","17,491",71.4,"12,244",20.0,소프트웨어,Growth
한컴라이프케어,미래에셋증권 주식회사,2021-08-17,"13,700","13,700","16,050",17.2,"12,800",-6.6,의료/의약,Growth
엠로,한국투자증권㈜,2021-08-13,"22,600","11,300","16,350",44.7,"14,150",25.2,소프트웨어,Growth
플래티어,KB증권㈜,2021-08-12,"11,000","11,000","22,000",100.0,"28,600",160.0,소프트웨어,Growth
원티드랩,한국투자증권㈜,2021-08-11,"35,000","17,500","35,000",100.0,"45,500",160.0,소프트웨어,Growth
크래프톤,미래에셋증권 주식회사,2021-08-10,"498,000","498,000","448,500",-9.9,"454,000",-8.8,게임,Growth
에이치케이이노엔,"한국투자증권㈜,제이피모간증권회사 서울지점,삼성증권㈜",2021-08-09,"59,000","59,000","68,100",15.4,"68,500",16.1,의료/의약,Growth
카카오뱅크,"KB증권㈜,CS증권 서울지점",2021-08-06,"39,000","39,000","53,700",37.7,"69,800",79.0,IT,Growth
에브리봇,엔에이치투자증권주식회사,2021-07-28,"36,700","18,350","16,525",-9.9,"15,150",-17.4,가구/가전,Protective
맥스트,하나증권주식회사,2021-07-27,"15,000","6,422","12,843",100.0,"16,696",160.0,소프트웨어,Growth
큐라클,삼성증권㈜,2021-07-22,"25,000","25,000","36,500",46.0,"30,650",22.6,바이오,Growth
에스디바이오센서,"한국투자증권㈜,엔에이치투자증권주식회사",2021-07-16,"52,000","52,000","57,000",9.6,"61,000",17.3,의료/의약,Growth
오비고,엔에이치투자증권주식회사,2021-07-13,"14,300","14,300","19,200",34.3,"20,700",44.8,소프트웨어,Growth
아모센스,신한투자증권 주식회사,2021-06-25,"12,400","12,400","12,250",-1.2,"15,900",28.2,전자/회로,Growth
이노뎁,iM증권,2021-06-18,"18,000","18,000","22,200",23.3,"18,050",0.3,소프트웨어,Growth
라온테크,KB증권㈜,2021-06-17,"18,000","7,207","8,108",12.5,"8,208",13.9,기계제조,Sensitive
엘비루셈,"한국투자증권㈜,KB증권㈜",2021-06-11,"14,000","14,000","18,000",28.6,"15,200",8.6,반도체,Growth
에이디엠코리아,하나증권주식회사,2021-06-03,"3,800","1,929","3,858",100.0,"5,016",160.0,바이오,Growth
진시스템,삼성증권㈜,2021-05-26,"20,000","20,000","19,100",-4.5,"17,400",-13.0,의료/의약,Growth
제주맥주,대신증권㈜,2021-05-26,"3,200","16,032","23,948",49.4,"24,549",53.1,식품,Protective
삼영에스앤씨,미래에셋증권 주식회사,2021-05-21,"11,000","11,000","22,000",100.0,"28,600",160.0,전자/회로,Growth
샘씨엔에스,대신증권㈜,2021-05-20,"6,500","6,500","6,400",-1.5,"8,320",28.0,전자/회로,Growth
씨앤씨인터내셔널,엔에이치투자증권주식회사,2021-05-17,"47,500","31,703","31,536",-0.5,"27,465",-13.4,화학,Sensitive
에이치피오,대신증권㈜,2021-05-14,"22,200","10,608","9,557",-9.9,"8,004",-24.5,식품,Protective
에스케이아이이테크놀로지,"미래에셋증권 주식회사,제이피모간증권회사 서울지점",2021-05-11,"105,000","105,000","210,000",100.0,"154,500",47.1,배터리,Growth
쿠콘,"삼성증권㈜,하나증권주식회사",2021-04-28,"45,000","36,019","64,034",77.8,"52,428",45.6,IT,Growth
해성티피씨,한국투자증권㈜,2021-04-21,"13,000","6,500","13,000",100.0,"16,900",160.0,기계제조,Sensitive
이삭엔지니어링,신한투자증권 주식회사,2021-04-21,"11,500","11,500","23,000",100.0,"26,150",127.4,IT,Growth
엔시스,미래에셋증권 주식회사,2021-04-01,"19,000","19,000","38,000",100.0,"31,400",65.3,기계제조,Sensitive
자이언트스텝,한국투자증권㈜,2021-03-24,"11,000","5,354","10,709",100.0,"13,921",160.0,엔터,Growth
제노코,DB금융투자주식회사,2021-03-24,"36,000","12,009","21,682",80.6,"26,719",122.5,부품제조,Sensitive
라이프시맨틱스,한국투자증권㈜,2021-03-23,"12,500","11,179","22,358",100.0,"15,651",40.0,소프트웨어,Growth
에스케이바이오사이언스,엔에이치투자증권주식회사,2021-03-18,"65,000","65,000","130,000",100.0,"169,000",160.0,바이오,Growth
바이오다인,대신증권㈜,2021-03-17,"30,000","6,235","8,313",33.3,"8,854",42.0,바이오,Growth
네오이뮨텍,"미래에셋증권 주식회사,하나증권주식회사",2021-03-16,"7,500","7,500","15,000",100.0,"14,350",91.3,바이오,Growth
싸이버원,키움증권㈜,2021-03-11,"9,500","3,800","7,200",89.5,"8,480",123.2,소프트웨어,Growth
프레스티지바이오로직스,"미래에셋증권 주식회사,유안타증권㈜",2021-03-11,"12,400","12,400","12,100",-2.4,"14,300",15.3,바이오,Growth
나노씨엠에스,키움증권㈜,2021-03-09,"20,000","20,000","33,000",65.0,"23,950",19.8,전자/회로,Growth
뷰노,"미래에셋증권 주식회사,삼성증권㈜",2021-02-26,"21,000","21,000","32,900",56.7,"32,150",53.1,IT,Growth
유일에너테크,신영증권㈜,2021-02-25,"16,000","5,370","10,741",100.0,"11,580",115.6,에너지,Sensitive
씨이랩,IBK투자증권㈜,2021-02-24,"35,000","17,500","23,300",33.1,"20,400",16.6,소프트웨어,Growth
오로스테크놀로지,키움증권㈜,2021-02-24,"21,000","21,000","42,000",100.0,"54,600",160.0,반도체,Growth
피엔에이치테크,한국투자증권㈜,2021-02-16,"18,000","9,000","10,250",13.9,"11,925",32.5,화학,Sensitive
아이퀘스트,미래에셋증권 주식회사,2021-02-05,"11,000","5,627","11,253",100.0,"10,230",81.8,소프트웨어,Growth
프레스티지바이오파마,삼성증권㈜,2021-02-05,"32,000","32,000","28,800",-10.0,"32,800",2.5,바이오,Growth
레인보우로보틱스,"대신증권㈜,미래에셋증권 주식회사",2021-02-03,"10,000","10,000","20,000",100.0,"26,000",160.0,로봇,Growth
와이더플래닛,한국투자증권㈜,2021-02-03,"16,000","16,000","24,900",55.6,"20,000",25.0,소프트웨어,Growth
솔루엠,"미래에셋증권 주식회사,KB증권㈜",2021-02-02,"17,000","17,000","34,000",100.0,"29,150",71.5,전자/회로,Growth
핑거,대신증권㈜,2021-01-29,"16,000","16,000","32,000",100.0,"29,100",81.9,IT,Growth
씨앤투스성진,미래에셋증권 주식회사,2021-01-28,"32,000","10,863","10,762",-0.9,"9,743",-10.3,화학,Sensitive
모비릭스,한국투자증권㈜,2021-01-28,"14,000","14,000","28,000",100.0,"36,400",160.0,게임,Growth
선진뷰티사이언스,"신한투자증권 주식회사,삼성증권㈜",2021-01-27,"11,500","5,764","11,527",100.0,"14,986",160.0,화학,Sensitive
엔비티,미래에셋증권 주식회사,2021-01-21,"19,000","9,500","19,000",100.0,"18,250",92.1,서비스,Protective
지놈앤컴퍼니,한국투자증권㈜,2020-12-23,"40,000","20,000","40,000",100.0,"34,400",72.0,바이오,Growth
석경에이티,한국투자증권㈜,2020-12-23,"10,000","10,000","20,000",100.0,"26,000",160.0,화학,Sensitive
프리시젼바이오,한국투자증권㈜,2020-12-22,"12,500","12,500","25,000",100.0,"32,500",160.0,의료/의약,Growth
알체라,신영증권㈜,2020-12-21,"10,000","6,494","12,988",100.0,"16,884",160.0,IT,Growth
에프앤가이드,신영증권㈜,2020-12-17,"7,000","7,000","14,000",100.0,"12,850",83.6,서비스,Protective
티엘비,DB금융투자주식회사,2020-12-14,"38,000","19,000","37,950",99.7,"27,250",43.4,부품제조,Sensitive
인바이오,한국투자증권㈜,2020-12-11,"5,800","5,800","11,600",100.0,"12,200",110.3,화학,Sensitive
엔젠바이오,삼성증권㈜,2020-12-10,"14,000","13,263","26,526",100.0,"24,300",83.2,바이오,Growth
퀀타매트릭스,미래에셋증권 주식회사,2020-12-09,"25,500","25,500","25,050",-1.8,"24,100",-5.5,의료/의약,Growth
명신산업,"미래에셋증권 주식회사,현대차증권주식회사",2020-12-07,"6,500","6,500","13,000",100.0,"16,900",160.0,자동차,Sensitive
클리노믹스,대신증권㈜,2020-12-04,"13,900","8,142","10,837",33.1,"11,130",36.7,의료/의약,Growth
포인트모바일,하나증권주식회사,2020-12-03,"15,000","4,843","9,685",100.0,"9,863",103.7,부품제조,Sensitive
앱코,미래에셋증권 주식회사,2020-12-02,"24,300","4,860","6,030",24.1,"5,780",18.9,부품제조,Sensitive
엔에프씨,삼성증권㈜,2020-12-02,"13,400","13,400","20,700",54.5,"16,950",26.5,화학,Sensitive
제일전기공업,하나증권주식회사,2020-11-26,"17,000","8,504","17,007",100.0,"14,331",68.5,전자/회로,Growth
하나기술,하나증권주식회사,2020-11-25,"35,000","18,117","36,234",100.0,"47,104",160.0,배터리,Growth
에이플러스에셋어드바이저,"엔에이치투자증권주식회사,IBK투자증권㈜",2020-11-20,"7,500","7,500","8,100",8.0,"6,880",-8.3,금융,Infra
티앤엘,한국투자증권㈜,2020-11-20,"36,000","18,000","36,000",100.0,"27,000",50.0,의료/의약,Growth
고바이오랩,"대신증권㈜,삼성증권㈜",2020-11-18,"15,000","15,000","30,000",100.0,"31,300",108.7,바이오,Growth
네패스아크,미래에셋증권 주식회사,2020-11-17,"26,500","26,500","36,200",36.6,"38,700",46.0,전자/회로,Growth
교촌에프앤비,미래에셋증권 주식회사,2020-11-12,"12,300","6,155","11,935",93.9,"15,513",152.0,식품,Protective
소룩스,미래에셋증권 주식회사,2020-11-06,"10,000","3,334","6,668",100.0,"8,668",160.0,부품제조,Sensitive
위드텍,하나증권주식회사,2020-10-30,"25,000","12,500","18,550",48.4,"20,550",64.4,화학,Sensitive
센코,한국투자증권㈜,2020-10-29,"13,000","3,252","3,340",2.7,"3,815",17.3,전자/회로,Growth
바이브컴퍼니,한국투자증권㈜,2020-10-28,"28,000","14,027","20,039",42.9,"15,680",11.8,소프트웨어,Growth
미코바이오메드,KB증권㈜,2020-10-22,"15,000","10,702","11,487",7.3,"9,846",-8.0,의료/의약,Growth
피플바이오,키움증권㈜,2020-10-19,"20,000","7,659","6,893",-10.0,"8,961",17.0,바이오,Growth
빅히트엔터테인먼트,"한국투자증권㈜,제이피모간증권회사 서울지점,엔에이치투자증권주식회사",2020-10-15,"135,000","133,650","267,300",100.0,"255,420",91.1,엔터,Growth
넥스틴,KB증권㈜,2020-10-08,"75,400","25,148","23,714",-5.7,"23,881",-5.0,반도체,Growth
원방테크,미래에셋증권 주식회사,2020-09-24,"54,300","18,236","16,422",-9.9,"14,676",-19.5,기계제조,Sensitive
비나텍,대신증권㈜,2020-09-23,"33,000","26,104","34,805",33.3,"32,234",23.5,배터리,Growth
박셀바이오,하나증권주식회사,2020-09-22,"30,000","11,731","10,558",-10.0,"8,329",-29.0,바이오,Growth
비비씨,미래에셋증권 주식회사,2020-09-21,"30,700","30,700","27,650",-9.9,"22,300",-27.4,부품제조,Sensitive
핌스,DB금융투자주식회사,2020-09-18,"19,000","6,333","7,000",10.5,"6,100",-3.7,전자/회로,Growth
압타머사이언스,키움증권㈜,2020-09-16,"25,000","10,672","12,315",15.4,"11,846",11.0,의료/의약,Growth
이오플로우,하나증권주식회사,2020-09-14,"19,000","8,496","9,726",14.5,"8,943",5.3,의료/의약,Growth
카카오게임즈,"한국투자증권㈜,삼성증권㈜",2020-09-10,"24,000","24,000","48,000",100.0,"62,400",160.0,게임,Growth
피엔케이피부임상연구센타,미래에셋증권 주식회사,2020-09-09,"18,300","4,575","7,000",53.0,"6,700",46.4,의료/의약,Growth
아이디피,키움증권㈜,2020-08-24,"9,800","4,900","6,600",34.7,"6,250",27.6,부품제조,Sensitive
셀레믹스,대신증권㈜,2020-08-21,"20,000","20,000","24,900",24.5,"25,800",29.0,바이오,Growth
미투젠,미래에셋증권 주식회사,2020-08-18,"27,000","27,000","29,100",7.8,"25,500",-5.6,소프트웨어,Growth
브랜드엑스코퍼레이션,"대신증권㈜,삼성증권㈜",2020-08-13,"13,000","8,680","8,613",-0.8,"7,812",-10.0,서비스,Protective
영림원소프트랩,미래에셋증권 주식회사,2020-08-12,"11,500","11,500","17,600",53.0,"13,650",18.7,소프트웨어,Growth
한국파마,미래에셋증권 주식회사,2020-08-10,"9,000","9,000","18,000",100.0,"16,850",87.2,의료/의약,Growth
이루다,미래에셋증권 주식회사,2020-08-06,"9,000","4,108","8,217",100.0,"8,057",96.1,의료/의약,Growth
와이팜,엔에이치투자증권주식회사,2020-07-31,"11,000","11,000","15,550",41.4,"18,800",70.9,전자/회로,Growth
이엔드디,IBK투자증권㈜,2020-07-30,"14,400","11,421","14,434",26.4,"16,655",45.8,화학,Sensitive
엠투아이코퍼레이션,미래에셋증권 주식회사,2020-07-29,"15,600","7,818","9,447",20.8,"7,968",1.9,부품제조,Sensitive
더네이쳐홀딩스,한국투자증권㈜,2020-07-27,"46,000","23,000","20,700",-10.0,"21,500",-6.5,옷,Protective
제놀루션,신영증권㈜,2020-07-24,"14,000","3,599","7,197",100.0,"6,362",76.8,의료/의약,Growth
솔트룩스,한국투자증권㈜,2020-07-23,"25,000","12,520","20,033",60.0,"17,178",37.2,IT,Growth
티에스아이,한국투자증권㈜,2020-07-22,"10,000","5,000","10,000",100.0,"8,600",72.0,배터리,Growth
에이프로,엔에이치투자증권주식회사,2020-07-16,"21,600","10,800","21,600",100.0,"28,050",159.7,에너지,Sensitive
소마젠,신한투자증권 주식회사,2020-07-13,"11,000","11,000","11,650",5.9,"15,100",37.3,바이오,Growth
신도기연,한국투자증권㈜,2020-07-06,"16,000","8,103","16,206",100.0,"11,344",40.0,기계제조,Sensitive
위더스제약,"엔에이치투자증권주식회사,삼성증권㈜",2020-07-03,"15,900","10,600","21,200",100.0,"22,933",116.4,의료/의약,Growth
에스케이바이오팜,"엔에이치투자증권주식회사,씨티그룹글로벌마켓증권㈜",2020-07-02,"49,000","49,000","98,000",100.0,"127,000",159.2,바이오,Growth
마크로밀엠브레인,엔에이치투자증권주식회사,2020-07-01,"6,800","3,400","6,800",100.0,"8,025",136.0,서비스,Protective
젠큐릭스,미래에셋증권 주식회사,2020-06-25,"22,700","18,717","20,695",10.6,"17,851",-4.6,의료/의약,Growth
엘이티,미래에셋증권 주식회사,2020-06-22,"7,800","1,951","3,902",100.0,"5,065",159.6,기계제조,Sensitive
에스씨엠생명과학,한국투자증권㈜,2020-06-17,"17,000","12,962","22,493",73.5,"27,525",112.4,의료/의약,Growth
드림씨아이에스,엔에이치투자증권주식회사,2020-05-22,"14,900","3,730","7,009",87.9,"7,635",104.7,바이오,Growth
엔피디,유안타증권㈜,2020-03-16,"5,400","5,400","4,860",-10.0,"3,775",-30.1,부품제조,Sensitive
플레이디,KB증권㈜,2020-03-12,"8,500","8,500","11,250",32.4,"8,800",3.5,서비스,Protective
서울바이오시스,KB증권㈜,2020-03-06,"7,500","7,500","13,000",73.3,"11,100",48.0,반도체,Growth
제이앤티씨,"신한투자증권 주식회사,유진투자증권㈜",2020-03-04,"11,000","11,000","10,200",-7.3,"10,350",-5.9,전자/회로,Growth
켄코아에어로스페이스,엔에이치투자증권주식회사,2020-03-03,"10,000","10,000","11,500",15.0,"10,250",2.5,항공,Protective
레몬,미래에셋증권 주식회사,2020-02-28,"7,200","13,578","16,256",19.7,"19,612",44.4,화학,Sensitive
서남,한국투자증권㈜,2020-02-20,"3,100","3,100","3,900",25.8,"4,750",53.2,전자/회로,Growth
위세아이텍,교보증권㈜,2020-02-10,"12,000","8,150","9,440",15.8,"8,422",3.3,소프트웨어,Growth
피피아이,미래에셋증권 주식회사,2019-12-26,"7,000","5,970","9,382",57.2,"8,213",37.6,부품제조,Sensitive
천랩,한국투자증권㈜,2019-12-26,"40,000","35,149","37,741",7.4,"33,831",-3.7,바이오,Growth
메탈라이프,한국투자증권㈜,2019-12-24,"13,000","6,510","13,021",100.0,"16,927",160.0,전자/회로,Growth
브릿지바이오,"대신증권㈜,KB증권㈜",2019-12-20,"60,000","14,546","15,128",4.0,"13,164",-9.5,바이오,Growth
메드팩토,삼성증권㈜,2019-12-19,"40,000","17,547","17,546",0.0,"15,748",-10.3,의료/의약,Growth
신테카바이오,KB증권㈜,2019-12-17,"12,000","12,000","14,950",24.6,"16,700",39.2,소프트웨어,Growth
제이엘케이인스펙션,한국투자증권㈜,2019-12-11,"9,000","6,938","6,553",-5.5,"6,938",0.0,IT,Growth
태웅로직스,"IBK투자증권㈜,㈜비엔케이투자증권",2019-12-10,"4,500","2,291","4,160",81.6,"3,111",35.8,유통,Protective
리메드,한국투자증권㈜,2019-12-06,"13,000","2,600","2,820",8.5,"2,690",3.5,의료/의약,Growth
코리아센터,엔에이치투자증권주식회사,2019-11-29,"18,000","6,033","7,708",27.8,"7,658",26.9,소프트웨어,Growth
노터스,대신증권㈜,2019-11-27,"20,000","2,225","3,309",48.7,"4,060",82.5,바이오,Growth
센트랄모텍,한국투자증권㈜,2019-11-25,"6,000","6,000","7,650",27.5,"9,940",65.7,자동차,Sensitive
티움바이오,키움증권㈜,2019-11-22,"12,000","12,000","11,800",-1.7,"13,450",12.1,바이오,Growth
씨에스베어링,한국투자증권㈜,2019-11-21,"8,400","3,899","3,899",0.0,"4,154",6.5,기계제조,Sensitive
우양,미래에셋증권 주식회사,2019-11-20,"4,200","4,200","6,060",44.3,"4,785",13.9,식품,Protective
코리아에셋투자증권,신영증권㈜,2019-11-20,"10,000","10,000","9,900",-1.0,"8,290",-17.1,금융,Infra
현대에너지솔루션,한국투자증권㈜,2019-11-19,"18,000","18,000","18,200",1.1,"17,300",-3.9,반도체,Growth
에스제이그룹,"엔에이치투자증권주식회사,IBK투자증권㈜",2019-11-18,"38,600","12,910","14,549",12.7,"15,519",20.2,옷,Protective
제테마,한국투자증권㈜,2019-11-14,"21,000","5,254","5,028",-4.3,"4,328",-17.6,의료/의약,Growth
한화시스템,"한국투자증권㈜,씨티그룹글로벌마켓증권㈜,엔에이치투자증권주식회사",2019-11-13,"12,250","10,953","10,372",-5.3,"9,925",-9.4,방산,Sensitive
라파스,DB금융투자주식회사,2019-11-11,"20,000","20,000","19,950",-0.3,"18,050",-9.8,바이오,Growth
아이티엠반도체,KB증권㈜,2019-11-07,"26,000","26,000","26,750",2.9,"24,700",-5.0,반도체,Growth
자이에스앤디,한국투자증권㈜,2019-11-06,"5,200","4,843","6,194",27.9,"5,700",17.7,금융,Infra
미디어젠,교보증권㈜,2019-11-05,"10,600","10,600","11,250",6.1,"9,150",-13.7,소프트웨어,Growth
티라유텍,미래에셋증권 주식회사,2019-10-31,"12,050","4,016","8,033",100.0,"6,883",71.4,IT,Growth
지누스,엔에이치투자증권주식회사,2019-10-30,"70,000","48,443","50,865",5.0,"57,439",18.6,가구/가전,Protective
캐리소프트,미래에셋증권 주식회사,2019-10-29,"9,000","9,000","12,100",34.4,"13,850",53.9,엔터,Growth
케이엔제이,미래에셋증권 주식회사,2019-10-25,"11,000","11,000","15,700",42.7,"14,900",35.5,기계제조,Sensitive
엔바이오니아,미래에셋증권 주식회사,2019-10-24,"8,200","8,200","10,700",30.5,"12,100",47.6,바이오,Growth
팜스빌,대신증권㈜,2019-10-22,"14,000","14,000","16,800",20.0,"14,350",2.5,식품,Protective
라온피플,미래에셋증권 주식회사,2019-10-18,"14,000","7,057","6,704",-5.0,"7,838",11.1,반도체,Growth
아톤,"엔에이치투자증권주식회사,KB증권㈜",2019-10-17,"43,000","8,600","9,210",7.1,"8,570",-0.3,소프트웨어,Growth
녹십자웰빙,하나증권주식회사,2019-10-14,"11,300","11,300","11,900",5.3,"12,500",10.6,식품,Protective
올리패스,"미래에셋증권 주식회사,키움증권㈜",2019-09-20,"20,000","153,304","234,555",53.0,"190,097",24.0,바이오,Growth
라닉스,한국투자증권㈜,2019-09-18,"6,000","6,000","7,100",18.3,"8,090",34.8,반도체,Growth
한독크린텍,한국투자증권㈜,2019-09-05,"15,100","7,559","12,264",62.3,"9,636",27.5,기계제조,Sensitive
네오크레마,키움증권㈜,2019-08-22,"8,000","8,000","9,530",19.1,"8,370",4.6,식품,Protective
마니커에프앤지,유진투자증권㈜,2019-08-20,"4,000","3,568","7,135",100.0,"6,199",73.8,식품,Protective
나노브릭,KB증권㈜,2019-08-19,"16,000","3,637","3,273",-10.0,"3,364",-7.5,화학,Sensitive
에스피시스템스,한국투자증권㈜,2019-08-14,"4,900","4,900","9,800",100.0,"12,700",159.2,IT,Growth
레이,한국투자증권㈜,2019-08-08,"20,000","10,000","12,575",25.8,"12,375",23.8,의료/의약,Growth
그린플러스,한국투자증권㈜,2019-08-07,"10,000","5,054","5,635",11.5,"5,408",7.0,철강,Sensitive
코윈테크,미래에셋증권 주식회사,2019-08-05,"34,500","29,733","26,760",-10.0,"18,745",-37.0,IT,Growth
덕산테코피아,엔에이치투자증권주식회사,2019-08-02,"19,000","19,000","17,100",-10.0,"15,600",-17.9,화학,Sensitive
한국바이오젠,미래에셋증권 주식회사,2019-08-01,"6,000","6,000","12,000",100.0,"13,200",120.0,바이오,Growth
슈프리마아이디,한국투자증권㈜,2019-08-01,"27,000","3,858","4,966",28.7,"4,001",3.7,전자/회로,Growth
세경하이테크,키움증권㈜,2019-07-30,"35,000","5,840","5,548",-5.0,"5,565",-4.7,전자/회로,Growth
윌링스,신영증권㈜,2019-07-25,"12,500","12,500","22,800",82.4,"29,600",136.8,에너지,Sensitive
대모엔지니어링,신한투자증권 주식회사,2019-07-24,"5,200","5,200","8,710",67.5,"11,300",117.3,기계제조,Sensitive
에이스토리,엔에이치투자증권주식회사,2019-07-19,"14,300","14,300","12,900",-9.8,"11,400",-20.3,엔터,Growth
플리토,한국투자증권㈜,2019-07-17,"26,000","26,000","31,600",21.5,"27,800",6.9,IT,Growth
세틀뱅크,"신한투자증권 주식회사,한국투자증권㈜",2019-07-12,"55,000","55,000","49,500",-10.0,"51,600",-6.2,IT,Growth
아이스크림에듀,대신증권㈜,2019-07-11,"15,900","15,900","14,350",-9.7,"11,700",-26.4,출판,Protective
펌텍코리아,한국투자증권㈜,2019-07-04,"190,000","28,878","25,990",-10.0,"23,148",-19.8,부품제조,Sensitive
에이에프더블류,엔에이치투자증권주식회사,2019-07-01,"22,500","11,250","14,000",24.4,"10,875",-3.3,배터리,Growth
압타바이오,"미래에셋증권 주식회사,삼성증권㈜",2019-06-12,"30,000","15,015","25,125",67.3,"19,469",29.7,바이오,Growth
까스텔바쟉,엔에이치투자증권주식회사,2019-06-10,"12,000","12,000","17,000",41.7,"19,250",60.4,옷,Protective
마이크로디지탈,하나증권주식회사,2019-06-05,"23,000","5,754","10,270",78.5,"9,782",70.0,의료/의약,Growth
수젠텍,한국투자증권㈜,2019-05-28,"12,000","12,000","11,150",-7.1,"10,150",-15.4,의료/의약,Growth
컴퍼니케이파트너스,엔에이치투자증권주식회사,2019-05-23,"4,500","4,500","8,200",82.2,"10,650",136.7,투자,Sensitive
에스앤케이,엔에이치투자증권주식회사,2019-05-07,"40,400","40,400","36,400",-9.9,"33,650",-16.7,소프트웨어,Growth
아모그린텍,삼성증권㈜,2019-03-29,"9,900","9,900","10,300",4.0,"10,200",3.0,반도체,Growth
현대오토에버,엔에이치투자증권주식회사,2019-03-28,"48,000","48,000","75,500",57.3,"88,700",84.8,자동차,Sensitive
지노믹트리,키움증권㈜,2019-03-27,"27,000","27,000","29,450",9.1,"27,300",1.1,의료/의약,Growth
이지케어텍,미래에셋증권 주식회사,2019-03-22,"12,300","12,300","24,600",100.0,"31,950",159.8,의료/의약,Growth
미래에셋벤처투자,KB증권㈜,2019-03-15,"4,500","2,863","3,912",36.7,"3,378",18.0,투자,Sensitive
드림텍,엔에이치투자증권주식회사,2019-03-14,"13,000","6,434","8,587",33.5,"7,622",18.5,전자/회로,Growth
에코프로비엠,대신증권㈜,2019-03-05,"48,000","11,860","15,097",27.3,"15,616",31.7,배터리,Growth
셀리드,삼성증권㈜,2019-02-20,"33,000","27,076","35,896",32.6,"41,927",54.8,의료/의약,Growth
천보,하나증권주식회사,2019-02-11,"40,000","40,000","52,500",31.3,"47,300",18.3,화학,Sensitive
이노테라피,대신증권㈜,2019-02-01,"18,000","18,000","22,200",23.3,"19,350",7.5,바이오,Growth
노랑풍선,"한국투자증권㈜,KB증권㈜",2019-01-30,"20,000","6,686","10,146",51.8,"11,416",70.8,서비스,Protective
웹케시,하나증권주식회사,2019-01-25,"26,000","13,161","16,045",21.9,"14,426",9.6,IT,Growth
에어부산,"미래에셋증권 주식회사,엔에이치투자증권주식회사",2018-12-27,"3,600","7,106","7,935",11.7,"10,303",45.0,항공,Protective
비피도,한국투자증권㈜,2018-12-26,"18,000","9,226","18,453",100.0,"18,709",102.8,식품,Protective
유틸렉스,엔에이치투자증권주식회사,2018-12-24,"50,000","15,273","18,358",20.2,"23,856",56.2,바이오,Growth
디케이티,엔에이치투자증권주식회사,2018-12-21,"7,400","3,700","6,450",74.3,"5,275",42.6,전자/회로,Growth
위지윅스튜디오,"엔에이치투자증권주식회사,삼성증권㈜",2018-12-20,"11,000",918,939,2.3,780,-15.0,엔터,Growth
에이비엘바이오,한국투자증권㈜,2018-12-19,"15,000","15,000","13,500",-10.0,"13,650",-9.0,바이오,Growth
머큐리,미래에셋증권 주식회사,2018-12-14,"6,100","6,100","9,630",57.9,"7,800",27.9,부품제조,Sensitive
전진바이오팜,미래에셋증권 주식회사,2018-12-14,"10,000","9,219","10,648",15.5,"11,754",27.5,화학,Sensitive
뉴트리,미래에셋증권 주식회사,2018-12-13,"14,500","14,500","13,050",-10.0,"13,900",-4.1,식품,Protective
이노메트리,유진투자증권㈜,2018-12-12,"26,000","13,021","20,033",53.9,"14,799",13.7,배터리,Growth
대유에이피,신영증권㈜,2018-12-07,"3,000","3,000","6,000",100.0,"4,935",64.5,자동차,Sensitive
에코캡,IBK투자증권㈜,2018-12-05,"4,200","3,024","2,952",-2.4,"3,838",26.9,자동차,Sensitive
베스파,미래에셋증권 주식회사,2018-12-03,"35,000","76,082","72,604",-4.6,"65,213",-14.3,게임,Growth
윙입푸드,유진투자증권㈜,2018-11-30,"2,000","2,000","1,800",-10.0,"2,340",17.0,식품,Protective
남화산업,대신증권㈜,2018-11-29,"3,700","3,700","5,610",51.6,"7,290",97.0,스포츠,Protective
엠아이텍,하나증권주식회사,2018-11-29,"4,500","4,500","4,050",-10.0,"4,770",6.0,의료/의약,Growth
티로보틱스,키움증권㈜,2018-11-29,"16,000","8,006","7,206",-10.0,"6,530",-18.4,로봇,Growth
네오펙트,한국투자증권㈜,2018-11-28,"11,000","9,710","8,739",-10.0,"6,797",-30.0,의료/의약,Growth
티앤알바이오팹,키움증권㈜,2018-11-28,"18,000","9,009","8,108",-10.0,"6,256",-30.6,의료/의약,Growth
아시아나IDT,KB증권㈜,2018-11-23,"15,000","15,893","15,152",-4.7,"13,191",-17.0,IT,Growth
디알젬,한국투자증권㈜,2018-11-22,"6,500","6,500","8,470",30.3,"6,760",4.0,의료/의약,Growth
싸이토젠,키움증권㈜,2018-11-22,"17,000","5,706","5,974",4.7,"5,236",-8.2,바이오,Growth
파멥신,"KB증권㈜,삼성증권㈜",2018-11-21,"60,000","21,475","20,795",-3.2,"22,764",6.0,의료/의약,Growth
아주아이비투자,미래에셋증권 주식회사,2018-11-21,"1,500","1,500","1,350",-10.0,"1,150",-23.3,투자,Sensitive
디케이앤디,키움증권㈜,2018-11-20,"6,000","3,000","3,785",26.2,"3,115",3.8,부품제조,Sensitive
디자인,대신증권㈜,2018-11-15,"10,100","8,800","16,729",90.1,"13,244",50.5,에너지,Sensitive
노바렉스,엔에이치투자증권주식회사,2018-11-14,"19,000","9,867","13,216",33.9,"10,438",5.8,바이오,Growth
셀리버리,DB금융투자주식회사,2018-11-09,"25,000","6,252","8,003",28.0,"7,177",14.8,바이오,Growth
대보마그네틱,한국투자증권㈜,2018-11-06,"31,000","15,531","30,160",94.2,"29,308",88.7,전자/회로,Growth
노바텍,하나증권주식회사,2018-11-02,"10,000","4,769","6,725",41.0,"8,728",83.0,부품제조,Sensitive
엘앤씨바이오,한국투자증권㈜,2018-11-01,"24,000","8,000","9,933",24.2,"8,983",12.3,의료/의약,Growth
로보티즈,미래에셋증권 주식회사,2018-10-26,"14,000","14,000","28,000",100.0,"19,600",40.0,로봇,Growth
옵티팜,엔에이치투자증권주식회사,2018-10-26,"10,000","10,000","9,000",-10.0,"11,700",17.0,의료/의약,Growth
에스퓨얼셀,한국투자증권㈜,2018-10-15,"16,500","16,075","32,150",100.0,"32,881",104.5,에너지,Sensitive
푸드나무,미래에셋증권 주식회사,2018-10-04,"24,000","12,186","22,011",80.6,"17,264",41.7,유통,Protective
나우아이비캐피탈,신영증권㈜,2018-10-04,"8,500",850,930,9.4,718,-15.5,투자,Sensitive
하나제약,미래에셋증권 주식회사,2018-10-02,"26,000","23,713","27,453",15.8,"30,234",27.5,의료/의약,Growth
크리스에프앤씨,KB증권㈜,2018-10-01,"30,000","15,000","13,500",-10.0,"12,000",-20.0,옷,Protective
지티지웰니스,대신증권㈜,2018-09-21,"11,000","5,582","7,738",38.6,"7,180",28.6,의료/의약,Growth
우진아이엔에스,신영증권㈜,2018-09-14,"15,000","15,000","15,150",1.0,"19,650",31.0,건설,Sensitive
명성티엔에스,KB증권㈜,2018-09-13,"20,000","21,650","23,815",10.0,"30,960",43.0,에너지,Sensitive
디지캡,KB증권㈜,2018-09-07,"12,000","5,847","6,456",10.4,"5,311",-9.2,소프트웨어,Growth
액트로,키움증권㈜,2018-08-28,"20,000","10,153","10,508",3.5,"9,138",-10.0,IT,Growth
오파스넷,교보증권㈜,2018-08-24,"11,000","3,398","5,559",63.6,"4,386",29.1,소프트웨어,Growth
에이피티씨,대신증권㈜,2018-08-23,"9,000","9,000","9,310",3.4,"7,980",-11.3,반도체,Growth
바이오솔루션,한국투자증권㈜,2018-08-20,"29,000","29,000","28,200",-2.8,"28,500",-1.7,의료/의약,Growth
대유,KB증권㈜,2018-08-10,"9,000","5,352","7,879",47.2,"7,374",37.8,화학,Sensitive
디아이티,삼성증권㈜,2018-08-07,"10,000","10,000","10,550",5.5,"10,650",6.5,기계제조,Sensitive
에스에스알,하나증권주식회사,2018-08-06,"9,000","9,246","18,492",100.0,"24,040",160.0,소프트웨어,Growth
휴네시온,엔에이치투자증권주식회사,2018-08-02,"10,000","5,000","7,500",50.0,"8,175",63.5,IT,Growth
티웨이항공,"신한투자증권 주식회사,대신증권㈜",2018-08-01,"12,000","6,462","6,247",-3.3,"6,220",-3.7,항공,Protective
롯데정보통신,미래에셋증권 주식회사,2018-07-27,"29,800","29,800","30,550",2.5,"29,000",-2.7,IT,Growth
한국유니온제약,DB금융투자주식회사,2018-07-26,"18,000","16,630","21,249",27.8,"18,016",8.3,의료/의약,Growth
엠코르셋,대신증권㈜,2018-07-23,"11,500","5,750","5,525",-3.9,"6,475",12.6,옷,Protective
올릭스,엔에이치투자증권주식회사,2018-07-18,"36,000","18,016","36,033",100.0,"32,830",82.2,의료/의약,Growth
아이큐어,키움증권㈜,2018-07-12,"65,000","20,718","18,646",-10.0,"19,316",-6.8,의료/의약,Growth
에스브이인베스트먼트,미래에셋증권 주식회사,2018-07-06,"7,000","3,500","4,500",28.6,"3,835",9.6,투자,Sensitive
이원다이애그노믹스,SK증권㈜,2018-06-26,"6,500","3,071","4,252",38.5,"5,244",70.8,의료/의약,Growth
파워넷,DB금융투자주식회사,2018-06-07,"6,500","6,500","10,100",55.4,"7,750",19.2,에너지,Sensitive
현대사료,신한투자증권 주식회사,2018-06-01,"6,600",441,881,99.9,"1,145",159.8,식품,Protective
세종메디칼,한국투자증권㈜,2018-05-29,"15,000","3,000","4,620",54.0,"6,000",100.0,의료/의약,Growth
제노레이,한국투자증권㈜,2018-05-28,"23,000","7,779","15,524",99.6,"12,632",62.4,의료/의약,Growth
JTC,삼성증권㈜,2018-04-06,"8,500","8,500","14,050",65.3,"16,300",91.8,유통,Protective
케어랩스,한국투자증권㈜,2018-03-28,"20,000","10,125","20,251",100.0,"26,326",160.0,소프트웨어,Growth
애경산업,대신증권㈜,2018-03-22,"29,100","29,100","28,000",-3.8,"34,000",16.8,화학,Sensitive
에코마이스터,"대신증권㈜,한화투자증권㈜",2018-03-15,"5,200","22,859","30,772",34.6,"26,508",16.0,화학,Sensitive
린드먼아시아,키움증권㈜,2018-03-14,"6,500","6,500","13,000",100.0,"16,900",160.0,투자,Sensitive
오스테오닉,키움증권㈜,2018-02-22,"7,700","5,161","10,323",100.0,"8,781",70.1,의료/의약,Growth
엔지켐생명과학,한국투자증권㈜,2018-02-21,"56,000","8,631","13,408",55.4,"13,131",52.1,의료/의약,Growth
동구바이오제약,엔에이치투자증권주식회사,2018-02-13,"16,000","5,415","10,829",100.0,"14,078",160.0,의료/의약,Growth
아시아종묘,대신증권㈜,2018-02-12,"4,500","4,500","4,520",0.4,"4,570",1.6,바이오,Growth
알리코제약,IBK투자증권㈜,2018-02-12,"12,000","7,702","11,617",50.8,"15,083",95.8,의료/의약,Growth
카페24,"미래에셋증권 주식회사,유안타증권㈜,한화투자증권㈜",2018-02-08,"57,000","28,575","42,361",48.2,"42,462",48.6,IT,Growth
링크제니시스,하나증권주식회사,2018-02-05,"30,000","6,429","11,357",76.7,"8,679",35.0,IT,Growth
배럴,하나증권주식회사,2018-02-01,"9,500","9,500","10,400",9.5,"13,500",42.1,옷,Protective
에스지이,대신증권㈜,2018-01-26,"6,000","1,859","1,674",-10.0,"1,630",-12.3,금속,Sensitive
씨앤지하이테크,신한투자증권 주식회사,2018-01-25,"16,000","7,866","9,145",16.3,"9,169",16.6,기계제조,Sensitive
시스웍,하나증권주식회사,2017-12-26,"2,800",947,"1,288",36.1,"1,146",21.1,기계제조,Sensitive
디바이스이엔지,한국투자증권㈜,2017-12-20,"12,000","11,608","10,447",-10.0,"11,705",0.8,반도체,Growth
동양피스톤,"대신증권㈜,IBK투자증권㈜",2017-12-08,"5,700","5,700","5,130",-10.0,"4,845",-15.0,자동차,Sensitive
진에어,미래에셋증권 주식회사,2017-12-08,"31,800","27,622","24,886",-9.9,"25,060",-9.3,항공,Protective
씨티케이코스메틱스,미래에셋증권 주식회사,2017-12-07,"55,000","28,824","25,941",-10.0,"22,168",-23.1,화학,Sensitive
메카로,한국투자증권㈜,2017-12-06,"33,000","33,000","43,000",30.3,"38,500",16.7,반도체,Growth
에스트래픽,미래에셋증권 주식회사,2017-12-05,"10,000","6,759","13,518",100.0,"10,139",50.0,IT,Growth
체리부로,미래에셋증권 주식회사,2017-12-04,"4,700","4,081","4,359",6.8,"3,456",-15.3,식품,Protective
대원,신한투자증권 주식회사,2017-12-01,"15,000","15,000","16,000",6.7,"13,300",-11.3,건설,Sensitive
비즈니스온커뮤니케이션,KB증권㈜,2017-11-30,"9,000","4,547","8,538",87.8,"7,073",55.6,소프트웨어,Growth
삼양패키징,한국투자증권㈜,2017-11-29,"26,000","26,000","25,750",-1.0,"23,800",-8.5,부품제조,Sensitive
스튜디오드래곤,미래에셋증권 주식회사,2017-11-24,"35,000","35,000","55,300",58.0,"71,800",105.1,엔터,Growth
비디아이,신영증권㈜,2017-11-09,"10,000","42,851","75,417",76.0,"72,632",69.5,에너지,Sensitive
티슈진,엔에이치투자증권주식회사,2017-11-06,"27,000","54,101","104,195",92.6,"85,560",58.1,의료/의약,Growth
테이팩스,"신한투자증권 주식회사,KB증권㈜",2017-10-31,"23,000","23,000","26,600",15.7,"27,000",17.4,부품제조,Sensitive
영화테크,신한투자증권 주식회사,2017-10-26,"12,500","6,250","12,500",100.0,"16,250",160.0,자동차,Sensitive
세원,현대차증권주식회사,2017-10-20,"5,700","1,060","1,600",50.9,"2,074",95.6,자동차,Sensitive
상신전자,미래에셋증권 주식회사,2017-10-16,"13,300","3,794","4,835",27.4,"6,276",65.4,전자/회로,Growth
야스,한국투자증권㈜,2017-09-29,"23,500","23,500","21,150",-10.0,"19,100",-18.7,전자/회로,Growth
에스엔피월드,대신증권㈜,2017-09-28,"5,100","3,264","4,160",27.4,"3,373",3.3,유통,Protective
신흥에스이씨,삼성증권㈜,2017-09-27,"16,000","3,200","5,880",83.8,"4,170",30.3,배터리,Growth
유티아이,한국투자증권㈜,2017-09-27,"25,000","8,402","7,562",-10.0,"6,268",-25.4,전자/회로,Growth
엠플러스,키움증권㈜,2017-09-20,"18,000","9,075","14,292",57.5,"11,797",30.0,기계제조,Sensitive
선익시스템,대신증권㈜,2017-09-20,"37,000","24,748","22,274",-10.0,"19,899",-19.6,반도체,Growth
앱클론,엔에이치투자증권주식회사,2017-09-18,"10,000","5,000","10,000",100.0,"13,000",160.0,의료/의약,Growth
샘코,"한국투자증권㈜,대신증권㈜",2017-09-15,"11,000","32,482","35,434",9.1,"30,267",-6.8,항공,Protective
펄어비스,한국투자증권㈜,2017-09-14,"103,000","20,600","18,540",-10.0,"19,780",-4.0,게임,Growth
케이피에스,키움증권㈜,2017-09-06,"14,000","4,667","4,500",-3.6,"4,667",0.0,기계제조,Sensitive
덕우전자,한국투자증권㈜,2017-08-28,"15,500","7,750","8,450",9.0,"7,925",2.3,전자/회로,Growth
이더블유케이,신영증권㈜,2017-08-22,"5,000","5,000","10,000",100.0,"11,950",139.0,에너지,Sensitive
알에스오토메이션,미래에셋증권 주식회사,2017-08-11,"6,000","6,000","11,950",99.2,"15,500",158.3,기계제조,Sensitive
컬러레이,신한투자증권 주식회사,2017-08-10,"3,800","3,800","3,660",-3.7,"4,050",6.6,서비스,Protective
모트렉스,미래에셋증권 주식회사,2017-08-04,"38,300","12,396","12,299",-0.8,"10,810",-12.8,자동차,Sensitive
데이타솔루션,미래에셋증권 주식회사,2017-08-03,"3,300","3,300","6,600",100.0,"5,680",72.1,IT,Growth
지니언스,하나증권주식회사,2017-08-02,"13,500","6,945","10,314",48.5,"7,819",12.6,IT,Growth
디앤씨미디어,키움증권㈜,2017-08-01,"20,000","6,706","10,831",61.5,"9,154",36.5,출판,Protective
셀트리온헬스케어,미래에셋증권 주식회사,2017-07-28,"41,000","34,817","37,068",6.5,"42,715",22.7,의료/의약,Growth
이즈미디어,한국투자증권㈜,2017-07-26,"7,500","3,833","4,293",12.0,"4,784",24.8,부품제조,Sensitive
힘스,"KB증권㈜,SK증권㈜",2017-07-20,"20,000","10,018","16,279",62.5,"16,530",65.0,반도체,Growth
브이원텍,미래에셋증권 주식회사,2017-07-13,"17,700","8,850","10,050",13.6,"9,450",6.8,IT,Growth
아우딘퓨쳐스,하나증권주식회사,2017-07-12,"26,000","7,706","6,935",-10.0,"6,906",-10.4,화학,Sensitive
제일홀딩스,"신한투자증권 주식회사,KB증권㈜",2017-06-30,"20,700","20,700","18,650",-9.9,"19,050",-8.0,서비스,Protective
보라티알,대신증권㈜,2017-06-08,"14,300","14,300","18,900",32.2,"17,600",23.1,식품,Protective
삼양옵틱스,미래에셋증권 주식회사,2017-06-02,"16,700","3,340","3,340",0.0,"3,360",0.6,부품제조,Sensitive
필옵틱스,신한투자증권 주식회사,2017-06-01,"48,000","16,346","16,414",0.4,"19,070",16.7,반도체,Growth
넷마블게임즈,"엔에이치투자증권주식회사,제이피모간증권회사 서울지점",2017-05-12,"157,000","157,000","165,000",5.1,"162,000",3.2,게임,Growth
ING생명보험,"삼성증권㈜,모건스탠리 인터내셔날증권회사 서울지점",2017-05-11,"33,000","33,000","31,200",-5.5,"31,600",-4.2,금융,Infra
와이엠티,하나증권주식회사,2017-04-27,"21,000","5,250","8,775",67.1,"7,763",47.9,화학,Sensitive
이엘피,엔에이치투자증권주식회사,2017-04-06,"20,000","10,538","11,591",10.0,"11,802",12.0,전자/회로,Growth
서진시스템,엔에이치투자증권주식회사,2017-03-27,"25,000","5,748","9,197",60.0,"8,587",49.4,부품제조,Sensitive
코미코,엔에이치투자증권주식회사,2017-03-23,"13,000","13,000","26,000",100.0,"21,500",65.4,반도체,Growth
아스타,키움증권㈜,2017-03-20,"8,000","7,570","9,178",21.2,"11,923",57.5,의료/의약,Growth
덴티움,엔에이치투자증권주식회사,2017-03-15,"32,000","32,000","38,200",19.4,"34,500",7.8,의료/의약,Growth
에스디생명공학,"신한투자증권 주식회사,한국투자증권㈜",2017-03-02,"12,000","10,066","12,750",26.7,"10,234",1.7,화학,Sensitive
신신제약,케이비투자증권㈜,2017-02-28,"4,500","4,500","6,170",37.1,"8,020",78.2,의료/의약,Growth
에프엔에스테크,한국투자증권㈜,2017-02-27,"14,000","14,000","17,050",21.8,"17,450",24.6,기계제조,Sensitive
모바일어플라이언스,엔에이치투자증권주식회사,2017-02-24,"3,500","1,752","2,953",68.6,"2,993",70.9,소프트웨어,Growth
피씨엘,한국투자증권㈜,2017-02-23,"8,000","2,383","2,323",-2.5,"2,728",14.5,의료/의약,Growth
호전실업,엔에이치투자증권주식회사,2017-02-02,"25,000","25,000","24,500",-2.0,"24,250",-3.0,옷,Protective
서플러스글로벌,한국투자증권㈜,2017-01-25,"8,000","4,000","4,250",6.3,"3,570",-10.8,반도체,Growth
유바이오로직스,한국투자증권㈜,2017-01-24,"6,000","5,781","5,396",-6.7,"4,885",-15.5,바이오,Growth
퓨전데이타,한국투자증권㈜,2016-12-21,"11,500","42,358","76,428",80.4,"72,929",72.2,IT,Growth
DSC인베스트먼트,키움증권㈜,2016-12-19,"1,700","1,139","2,278",100.0,"2,385",109.4,투자,Sensitive
티에스인베스트먼트,한국투자증권㈜,2016-12-15,"1,300",867,981,13.1,"1,274",46.9,투자,Sensitive
마이크로프랜드,키움증권㈜,2016-12-12,"7,300","7,300","6,570",-10.0,"5,950",-18.5,전자/회로,Growth
현성바이탈,엔에이치투자증권주식회사,2016-12-09,"7,000","7,000","6,300",-10.0,"5,090",-27.3,전자/회로,Growth
애니젠,키움증권㈜,2016-12-07,"18,000","18,000","17,800",-1.1,"12,600",-30.0,의료/의약,Growth
유니온커뮤니티,미래에셋증권㈜,2016-12-07,"5,000","5,000","4,465",-10.7,"3,340",-33.2,부품제조,Sensitive
신라젠,"엔에이치투자증권주식회사,하나증권주식회사,DB금융투자주식회사",2016-12-06,"15,000","9,616","8,655",-10.0,"8,238",-14.3,의료/의약,Growth
핸즈코퍼레이션,케이비투자증권㈜,2016-12-02,"12,000","11,884","10,695",-10.0,"9,012",-24.2,자동차,Sensitive
오션브릿지,대신증권㈜,2016-12-01,"6,600","6,600","7,730",17.1,"6,700",1.5,화학,Sensitive
퓨쳐켐,엔에이치투자증권주식회사,2016-12-01,"15,000","8,051","8,454",5.0,"5,931",-26.3,의료/의약,Growth
엘앤케이바이오,엔에이치투자증권주식회사,2016-11-30,"15,000","11,154","11,713",5.0,"8,849",-20.7,바이오,Growth
뉴파워프라즈마,키움증권㈜,2016-11-30,"17,500","3,500","3,500",0.0,"3,360",-4.0,반도체,Growth
에이치엔티,키움증권㈜,2016-11-28,"10,000","1,000","1,210",21.0,"1,055",5.5,전자/회로,Growth
핸디소프트,케이비투자증권㈜,2016-11-24,"5,600","5,600","8,180",46.1,"7,220",28.9,소프트웨어,Growth
두산밥캣,"한국투자증권㈜,제이피모간증권회사 서울지점",2016-11-18,"30,000","30,000","36,000",20.0,"35,900",19.7,건설,Sensitive
삼성바이오로직스,"한국투자증권㈜,씨티그룹글로벌마켓증권㈜",2016-11-10,"136,000","134,409","133,420",-0.7,"142,315",5.9,바이오,Growth
클리오,엔에이치투자증권주식회사,2016-11-09,"41,000","41,000","39,950",-2.6,"36,800",-10.2,화학,Sensitive
오가닉티코스메틱,유진투자증권㈜,2016-11-04,"4,000","40,000","65,100",62.8,"57,300",43.3,화학,Sensitive
로고스바이오,신한투자증권 주식회사,2016-11-03,"25,500","6,379","6,379",0.0,"5,341",-16.3,부품제조,Sensitive
인크로스,신한투자증권 주식회사,2016-10-31,"43,000","10,809","17,017",57.4,"11,915",10.2,서비스,Protective
에이치엘사이언스,"미래에셋증권 주식회사,케이비투자증권㈜",2016-10-28,"27,000","25,755","36,629",42.2,"36,438",41.5,식품,Protective
코스메카코리아,삼성증권㈜,2016-10-28,"54,000","27,000","35,700",32.2,"31,250",15.7,화학,Sensitive
JW생명과학,케이비투자증권㈜,2016-10-27,"30,000","15,000","16,525",10.2,"21,475",43.2,의료/의약,Growth
GRT(그레이트리치과기),엔에이치투자증권주식회사,2016-10-25,"5,000","6,575","6,576",0.0,"8,548",30.0,화학,Sensitive
골든센츄리(금세기차륜),유안타증권㈜,2016-10-19,"3,500","1,320","1,511",14.5,"1,439",9.0,기계제조,Sensitive
인텔리안테크,한국투자증권㈜,2016-10-18,"19,000","17,585","17,353",-1.3,"15,780",-10.3,부품제조,Sensitive
에이치시티,미래에셋증권 주식회사,2016-10-17,"17,000","10,642","12,207",14.7,"10,986",3.2,IT,Growth
잉글우드랩,하나증권주식회사,2016-10-14,"6,000","6,000","8,360",39.3,"7,300",21.7,화학,Sensitive
앤디포스,미래에셋증권 주식회사,2016-10-12,"14,500","15,619","18,851",20.7,"16,481",5.5,부품제조,Sensitive
수산아이앤티,삼성증권㈜,2016-10-11,"11,500","11,500","11,500",0.0,"14,950",30.0,소프트웨어,Growth
미투온,미래에셋증권㈜,2016-10-10,"3,800","3,800","3,420",-10.0,"4,445",17.0,소프트웨어,Growth
화승엔터프라이즈,한국투자증권㈜,2016-10-04,"15,000","7,500","6,750",-10.0,"7,475",-0.3,옷,Protective
엘에스전선아시아,"한국투자증권㈜,하나증권주식회사",2016-09-22,"8,000","8,000","7,200",-10.0,"6,350",-20.6,에너지,Sensitive
유니테크노,한국투자증권㈜,2016-09-20,"10,300","2,605","3,225",23.8,"2,883",10.7,자동차,Sensitive
자이글,"케이비투자증권㈜,하나증권주식회사",2016-09-06,"11,000","11,000","13,600",23.6,"12,900",17.3,가구/가전,Protective
헝셩그룹,신한투자증권 주식회사,2016-08-18,"3,600","3,600","3,240",-10.0,"2,690",-25.3,게임,Growth
에코마케팅,한국투자증권㈜,2016-08-08,"35,000","8,788","17,072",94.3,"11,951",36.0,서비스,Protective
팍스넷,한국투자증권㈜,2016-08-01,"5,200","5,200","10,400",100.0,"12,550",141.3,서비스,Protective
두올,미래에셋증권㈜,2016-07-29,"8,500","5,730","5,521",-3.6,"4,759",-16.9,자동차,Sensitive
엔지스테크널러지,교보증권㈜,2016-07-28,"10,000","3,335","6,336",90.0,"8,237",147.0,소프트웨어,Growth
우리손에프앤지,미래에셋증권 주식회사,2016-07-27,"2,210","2,210","4,000",81.0,"2,910",31.7,식품,Protective
옵토팩,IBK투자증권㈜,2016-07-20,"5,900","3,710","3,904",5.2,"5,074",36.8,전자/회로,Growth
장원테크,신한투자증권 주식회사,2016-07-15,"17,500","17,500","22,250",27.1,"17,150",-2.0,부품제조,Sensitive
대유위니아,신영증권㈜,2016-07-14,"6,800","4,561","5,298",16.2,"5,144",12.8,가구/가전,Protective
한국자산신탁,"신한투자증권 주식회사,대신증권㈜",2016-07-13,"10,300","7,071","6,796",-3.9,"6,590",-6.8,금융,Infra
바이오리더스,키움증권㈜,2016-07-07,"15,000","13,475","15,361",14.0,"12,756",-5.3,바이오,Growth
피앤씨테크,케이비투자증권㈜,2016-07-04,"10,200","10,200","11,000",7.8,"10,350",1.5,에너지,Sensitive
로스웰인터내셔널,신한투자증권 주식회사,2016-06-30,"3,200","14,222","17,400",22.3,"15,178",6.7,자동차,Sensitive
해성디에스,엔에이치투자증권주식회사,2016-06-24,"12,000","12,000","16,700",39.2,"14,600",21.7,금속,Sensitive
에스티팜,"한국투자증권㈜,유진투자증권㈜",2016-06-23,"29,000","29,000","47,000",62.1,"48,800",68.3,의료/의약,Growth
녹십자랩셀,"하나증권주식회사,케이프투자증권주식회사",2016-06-23,"18,500","18,500","37,000",100.0,"48,100",160.0,바이오,Growth
알엔투테크놀로지,하나증권주식회사,2016-06-22,"5,800","5,800","12,500",115.5,"8,750",50.9,부품제조,Sensitive
용평리조트,미래에셋증권 주식회사,2016-05-27,"7,000","7,000","9,000",28.6,"11,700",67.1,스포츠,Protective
해태제과식품,"엔에이치투자증권주식회사,삼성증권㈜",2016-05-11,"15,100","15,100","18,950",25.5,"24,600",62.9,식품,Protective
레이언스,대신증권㈜,2016-04-11,"25,000","25,000","23,800",-4.8,"23,050",-7.8,전자/회로,Growth
씨엠에스에듀,"유안타증권㈜,삼성증권㈜",2016-04-07,"23,200","5,803","6,704",15.5,"6,241",7.5,서비스,Protective
동양파일,대신증권㈜,2016-04-06,"10,000","10,000","9,000",-10.0,"9,100",-9.0,부품제조,Sensitive
대림씨엔에스,미래에셋증권 주식회사,2016-03-30,"27,700","27,700","24,950",-9.9,"23,250",-16.1,부품제조,Sensitive
팬젠,한국투자증권㈜,2016-03-11,"16,500","16,500","24,900",50.9,"22,300",35.2,바이오,Growth
에이피위성통신,KB증권㈜,2016-03-04,"9,700","9,700","12,400",27.8,"10,750",10.8,부품제조,Sensitive
큐리언트,한국투자증권㈜,2016-02-29,"21,000","8,997","14,523",61.4,"16,708",85.7,의료/의약,Growth
안트로젠,키움증권㈜,2016-02-15,"24,000","24,000","38,000",58.3,"39,100",62.9,의료/의약,Growth
제이에스코퍼레이션,엔에이치투자증권주식회사,2016-02-04,"23,000","23,000","39,100",70.0,"37,750",64.1,옷,Protective
아이엠텍,미래에셋증권 주식회사,2016-02-03,"7,500","187,500","237,500",26.7,"308,750",64.7,전자/회로,Growth
유니트론텍,하나증권주식회사,2016-02-02,"14,000","3,744","6,765",80.7,"6,645",77.5,기계제조,Sensitive
차이나크리스탈신소재홀딩스,신한투자증권 주식회사,2016-01-28,"3,000","2,729","3,640",33.4,"3,521",29.0,금속,Sensitive
한솔씨앤피,"신한투자증권 주식회사,케이비투자증권㈜",2016-01-27,"13,000","21,177","30,869",45.8,"31,928",50.8,화학,Sensitive
에스와이패널,미래에셋증권㈜,2015-12-29,"5,000","1,254","1,178",-6.0,"1,532",22.2,철강,Sensitive
코리아오토글라스,엔에이치투자증권주식회사,2015-12-29,"11,000","11,000","11,600",5.5,"13,600",23.6,화학,Sensitive
코디엠,미래에셋증권㈜,2015-12-29,"4,700","34,661","55,236",59.4,"44,985",29.8,기계제조,Sensitive
잇츠스킨,미래에셋증권 주식회사,2015-12-28,"170,000","85,000","86,000",1.2,"76,000",-10.6,화학,Sensitive
이에스브이,엔에이치투자증권주식회사,2015-12-24,"10,000","21,085","39,006",85.0,"28,675",36.0,소프트웨어,Growth
휴젤,"한국투자증권㈜,미래에셋증권 주식회사",2015-12-24,"150,000","51,152","68,032",33.0,"57,393",12.2,바이오,Growth
육일씨엔에쓰,케이프투자증권주식회사,2015-12-24,"6,000","6,000","6,560",9.3,"5,160",-14.0,전자/회로,Growth
한국맥널티,키움증권㈜,2015-12-23,"8,000","4,004","8,007",100.0,"6,631",65.6,식품,Protective
아진산업,미래에셋증권㈜,2015-12-22,"6,500","3,958","4,639",17.2,"3,848",-2.8,자동차,Sensitive
덱스터,엔에이치투자증권주식회사,2015-12-22,"14,000","7,023","12,441",77.2,"14,447",105.7,엔터,Growth
씨트리,신한투자증권 주식회사,2015-12-21,"6,500","4,340","6,176",42.3,"8,012",84.6,바이오,Growth
강스템바이오텍,키움증권㈜,2015-12-21,"6,000","4,574","5,489",20.0,"7,136",56.0,바이오,Growth
메가엠디,엔에이치투자증권주식회사,2015-12-18,"3,000","3,000","5,020",67.3,"3,800",26.7,서비스,Protective
파크시스템스,케이비투자증권㈜,2015-12-17,"9,000","9,000","11,000",22.2,"8,660",-3.8,전자/회로,Growth
보광산업,하나증권주식회사,2015-12-17,"4,000","1,338","2,044",52.7,"2,111",57.8,금속,Sensitive
뉴트리바이오텍,DB금융투자주식회사,2015-12-16,"21,000","10,500","11,500",9.5,"14,500",38.1,식품,Protective
예스티,엔에이치투자증권주식회사,2015-12-16,"14,500","5,814","6,214",6.9,"7,217",24.1,전자/회로,Growth
멕아이씨에스,키움증권㈜,2015-12-14,"4,500","2,177","3,870",77.8,"3,193",46.7,의료/의약,Growth
엔에스,케이비투자증권㈜,2015-12-07,"8,000","3,912","6,333",61.9,"7,213",84.4,배터리,Growth
미래테크놀로지,KB증권㈜,2015-12-01,"16,100","16,100","14,900",-7.5,"13,700",-14.9,소프트웨어,Growth
세진중공업,"신한투자증권 주식회사,미래에셋증권 주식회사",2015-11-30,"3,500","2,362","2,359",-0.1,"2,116",-10.4,건설,Sensitive
하이즈항공,케이비투자증권㈜,2015-11-25,"18,000","18,000","16,200",-10.0,"16,800",-6.7,항공,Protective
리드,미래에셋증권 주식회사,2015-11-20,"5,100","3,406","3,066",-10.0,"2,635",-22.6,반도체,Growth
엠지메드,신한투자증권 주식회사,2015-11-20,"40,000","4,857","4,978",2.5,"4,408",-9.2,바이오,Growth
매직마이크로,미래에셋증권㈜,2015-11-19,"5,500","1,100","1,084",-1.5,970,-11.8,전자/회로,Growth
케이디켐,대신증권㈜,2015-11-19,"16,000","16,000","14,850",-7.2,"12,500",-21.9,화학,Sensitive
네오오토,신영증권㈜,2015-11-18,"12,000","8,000","7,867",-1.7,"6,667",-16.7,자동차,Sensitive
케어젠,KB증권㈜,2015-11-17,"110,000","17,600","16,240",-7.7,"17,120",-2.7,화학,Sensitive
아이진,엔에이치투자증권주식회사,2015-11-16,"13,500","10,239","9,784",-4.4,"9,936",-3.0,의료/의약,Growth
유앤아이,키움증권㈜,2015-11-12,"30,000","12,000","11,460",-4.5,"9,740",-18.8,의료/의약,Growth
나무가,교보증권㈜,2015-11-12,"37,000","9,274","8,371",-9.7,"8,271",-10.8,IT,Growth
금호에이치티,엔에이치투자증권주식회사,2015-11-11,"10,000","3,336","3,169",-5.0,"2,956",-11.4,자동차,Sensitive
제주항공,엔에이치투자증권주식회사,2015-11-06,"30,000","22,943","37,856",65.0,"36,785",60.3,항공,Protective
연우,"미래에셋증권 주식회사,현대차증권주식회사",2015-11-02,"25,200","25,200","28,150",11.7,"36,550",45.0,금속,Sensitive
에이티젠,엔에이치투자증권주식회사,2015-10-23,"17,000","4,250","8,500",100.0,"6,450",51.8,바이오,Growth
엑시콘,IBK투자증권㈜,2015-10-22,"10,000","9,475","9,854",4.0,"8,196",-13.5,기계제조,Sensitive
에치디프로,대신증권㈜,2015-10-13,"8,900","4,450","4,790",7.6,"4,325",-2.8,부품제조,Sensitive
엘아이지넥스원,엔에이치투자증권주식회사,2015-10-02,"76,000","76,000","68,400",-10.0,"72,800",-4.2,방산,Sensitive
제너셈,하나증권주식회사,2015-09-25,"10,500","5,255","5,505",4.8,"5,255",0.0,반도체,Growth
타이거일렉,한국투자증권㈜,2015-09-25,"6,000","6,000","5,720",-4.7,"7,430",23.8,전자/회로,Growth
동일제강,엔에이치투자증권주식회사,2015-09-24,"3,000","2,748","3,545",29.0,"2,927",6.5,철강,Sensitive
아이콘트롤스,미래에셋증권 주식회사,2015-09-24,"32,000","16,000","15,825",-1.1,"16,625",3.9,IT,Growth
인포마크,삼성증권㈜,2015-09-23,"14,000","14,000","25,000",78.6,"20,100",43.6,전자/회로,Growth
웹스,한국투자증권㈜,2015-08-24,"7,200","3,600","5,700",58.3,"4,000",11.1,IT,Growth
에이제이네트웍스,한국투자증권㈜,2015-08-21,"34,300","6,860","6,180",-9.9,"7,100",3.5,유통,Protective
파인텍,엔에이치투자증권주식회사,2015-08-17,"10,500","6,194","12,387",100.0,"10,087",62.9,부품제조,Sensitive
흥국에프엔비,엔에이치투자증권주식회사,2015-08-07,"20,000","4,002","8,005",100.0,"10,406",160.0,식품,Protective
칩스앤미디어,한국투자증권㈜,2015-08-05,"10,500","2,022","2,638",30.5,"3,158",56.2,전자/회로,Growth
아시아경제,한국투자증권㈜,2015-07-31,"3,600","3,600","3,240",-10.0,"4,210",16.9,서비스,Protective
아이쓰리시스템,키움증권㈜,2015-07-30,"36,000","18,119","31,709",75.0,"29,192",61.1,전자/회로,Growth
로지시스,삼성증권㈜,2015-07-29,"2,500","2,500","4,180",67.2,"5,430",117.2,기계제조,Sensitive
파마리서치프로덕트,"엔에이치투자증권주식회사,IBK투자증권㈜,하나증권주식회사",2015-07-24,"55,000","55,000","110,000",100.0,"114,500",108.2,바이오,Growth
펩트론,엔에이치투자증권주식회사,2015-07-22,"16,000","7,372","14,745",100.0,"19,168",160.0,의료/의약,Growth
이노션,엔에이치투자증권주식회사,2015-07-17,"68,000","34,000","33,300",-2.1,"30,250",-11.0,서비스,Protective
토니모리,미래에셋증권 주식회사,2015-07-10,"32,000","20,073","40,145",100.0,"31,677",57.8,화학,Sensitive
미래에셋생명,"삼성증권㈜,다이와증권캐피탈마켓코리아㈜,씨티그룹글로벌마켓증권㈜",2015-07-08,"7,500","7,500","7,400",-1.3,"7,240",-3.5,금융,Infra
동운아나텍,키움증권㈜,2015-06-30,"10,000","3,691","4,614",25.0,"4,725",28.0,전자/회로,Growth
유테크,대신증권㈜,2015-06-30,"9,000","12,364","17,242",39.4,"14,906",20.6,금속,Sensitive
민앤지,신한투자증권 주식회사,2015-06-30,"28,000","14,000","28,000",100.0,"22,425",60.2,IT,Growth
경보제약,엔에이치투자증권주식회사,2015-06-29,"15,000","11,008","22,016",100.0,"25,135",128.3,의료/의약,Growth
에스엔텍,케이비투자증권㈜,2015-06-26,"6,500","21,973","33,804",53.8,"43,945",100.0,기계제조,Sensitive
코아스템,한국투자증권㈜,2015-06-26,"16,000","16,000","32,000",100.0,"41,600",160.0,바이오,Growth
세미콘라이트,엔에이치투자증권주식회사,2015-06-25,"11,300","455,172","463,227",1.8,"602,196",32.3,반도체,Growth
에스케이디앤디,"신한투자증권 주식회사,대신증권㈜",2015-06-23,"26,000","9,830","19,660",100.0,"25,558",160.0,건설,Sensitive
베셀,키움증권㈜,2015-06-19,"9,000","6,760","10,065",48.9,"7,811",15.6,전자/회로,Growth
싸이맥스,대신증권㈜,2015-06-17,"16,300","10,288","9,594",-6.7,"8,836",-14.1,반도체,Growth
픽셀플러스,한국투자증권㈜,2015-06-12,"30,000","30,000","27,000",-10.0,"29,000",-3.3,전자/회로,Growth
제노포커스,한국투자증권㈜,2015-05-29,"11,000","5,500","11,000",100.0,"12,650",130.0,화학,Sensitive
유지인트,한국투자증권㈜,2015-04-13,"15,000","2,502","4,862",94.4,"4,136",65.3,기계제조,Sensitive
엔에스쇼핑,"한국투자증권㈜,하나증권주식회사,미래에셋증권㈜",2015-03-27,"235,000","23,500","21,150",-10.0,"21,550",-8.3,서비스,Protective
세화아이엠씨,한국투자증권㈜,2015-03-19,"16,300","59,780","66,381",11.0,"60,514",1.2,금속,Sensitive
포시에스,DB금융투자주식회사,2015-02-11,"9,100","2,080","3,543",70.3,"3,657",75.8,소프트웨어,Growth
영백씨엠,하나증권주식회사,2014-12-29,"5,500","1,100","2,200",100.0,"1,902",72.9,부품제조,Sensitive
국일신동,IBK투자증권㈜,2014-12-29,"1,700","1,700","3,225",89.7,"2,745",61.5,금속,Sensitive
하이셈,미래에셋증권 주식회사,2014-12-26,"1,500","1,018","1,770",73.9,"1,506",48.0,화학,Sensitive
휴메딕스,한국투자증권㈜,2014-12-26,"28,000","20,053","31,225",55.7,"28,074",40.0,의료/의약,Growth
오킨스전자,미래에셋증권㈜,2014-12-24,"7,100","3,550","5,500",54.9,"6,325",78.2,전자/회로,Growth
아스트,케이비투자증권㈜,2014-12-24,"9,500","8,664","7,797",-10.0,"8,208",-5.3,항공,Protective
서전기전,DB금융투자주식회사,2014-12-24,"6,500","3,250","4,000",23.1,"4,600",41.5,에너지,Sensitive
넥스트엔터테인먼트월드,엔에이치투자증권주식회사,2014-12-23,"16,300","8,163","7,913",-3.1,"9,090",11.3,엔터,Growth
아이티센,IBK투자증권㈜,2014-12-23,"7,500","3,224","3,637",12.8,"3,770",16.9,IT,Growth
제일모직,미래에셋증권 주식회사,2014-12-18,"53,000","53,000","106,000",100.0,"113,000",113.2,엔터,Growth
녹십자엠에스,한국투자증권㈜,2014-12-17,"6,000","4,933","7,400",50.0,"8,510",72.5,바이오,Growth
디티앤씨,키움증권㈜,2014-12-17,"18,500","18,500","30,000",62.2,"26,050",40.8,IT,Growth
하이로닉,신한투자증권 주식회사,2014-12-17,"51,000","7,969","9,969",25.1,"11,453",43.7,의료/의약,Growth
에이디테크놀로지,한국투자증권㈜,2014-12-16,"15,000","6,994","6,294",-10.0,"6,528",-6.7,전자/회로,Growth
랩지노믹스,한국투자증권㈜,2014-12-16,"13,200","1,107","1,396",26.1,"1,195",8.0,의료/의약,Growth
비씨월드제약,"대신증권㈜,미래에셋증권 주식회사",2014-12-15,"15,700","10,958","12,633",15.3,"12,249",11.8,의료/의약,Growth
알테오젠,한국투자증권㈜,2014-12-12,"26,000","3,619","3,502",-3.2,"2,993",-17.3,의료/의약,Growth
SKC코오롱PI,한국투자증권㈜,2014-12-08,"8,000","8,000","7,800",-2.5,"7,580",-5.3,부품제조,Sensitive
대창스틸,하나증권주식회사,2014-12-05,"2,500","2,142","3,089",44.2,"3,552",65.8,금속,Sensitive
에프엔씨엔터테인먼트,유진투자증권㈜,2014-12-04,"28,000","14,020","12,618",-10.0,"13,820",-1.4,엔터,Growth
씨에스윈드,"삼성증권㈜,미래에셋증권㈜",2014-11-27,"43,500","20,641","18,576",-10.0,"15,801",-23.4,에너지,Sensitive
텔콘,대신증권㈜,2014-11-24,"14,500","14,517","13,817",-4.8,"11,764",-19.0,기계제조,Sensitive
파티게임즈,엔에이치투자증권주식회사,2014-11-21,"13,000","6,260","12,521",100.0,"14,399",130.0,게임,Growth
디에이테크놀로지,대신증권㈜,2014-11-19,"6,600","1,323","1,564",18.2,"1,339",1.2,반도체,Growth
삼성에스디에스,"한국투자증권㈜,골드만삭스증권 서울지점,제이피모간증권회사 서울지점",2014-11-14,"190,000","190,000","380,000",100.0,"327,500",72.4,IT,Growth
테고사이언스,엔에이치투자증권주식회사,2014-11-06,"13,500","6,750","13,500",100.0,"15,525",130.0,바이오,Growth
슈피겐코리아,삼성증권㈜,2014-11-05,"27,500","27,500","37,100",34.9,"42,650",55.1,유통,Protective
테라셈,한국투자증권㈜,2014-10-30,"3,000","3,000","3,200",6.7,"2,745",-8.5,반도체,Growth
영우디에스피,키움증권㈜,2014-10-29,"5,000","1,895","2,085",10.0,"2,395",26.4,전자/회로,Growth
메디아나,케이비투자증권㈜,2014-10-07,"6,200","2,804","2,881",2.7,"2,646",-5.6,의료/의약,Growth
데브시스터즈,엔에이치투자증권주식회사,2014-10-06,"53,000","53,000","71,000",34.0,"61,000",15.1,게임,Growth
감마누,한국투자증권㈜,2014-08-14,"11,000","117,918","235,836",100.0,"200,461",70.0,부품제조,Sensitive
신화콘텍,KB증권㈜,2014-08-08,"9,100","8,255","7,429",-10.0,"6,441",-22.0,자동차,Sensitive
쿠쿠전자,엔에이치투자증권주식회사,2014-08-06,"104,000","16,073","27,818",73.1,"31,991",99.0,가구/가전,Protective
파버나인,"한국투자증권㈜,케이비투자증권㈜",2014-08-04,"12,500","6,250","6,150",-1.6,"6,000",-4.0,가구/가전,Protective
덕신하우징,KB증권㈜,2014-08-01,"13,000","2,606","4,340",66.5,"4,200",61.2,금속,Sensitive
창해에탄올,엔에이치투자증권주식회사,2014-07-30,"8,300","8,300","16,600",100.0,"14,600",75.9,식품,Protective
윈하이텍,엔에이치투자증권주식회사,2014-07-25,"8,300","5,556","8,903",60.2,"10,208",83.7,금속,Sensitive
아진엑스텍,신한투자증권 주식회사,2014-07-24,"7,000","4,709","5,314",12.9,"4,749",0.9,전자/회로,Growth
화인베스틸,KB증권㈜,2014-07-22,"4,700","4,700","4,490",-4.5,"5,160",9.8,화학,Sensitive
트루윈,하나증권주식회사,2014-07-11,"10,500","6,485","10,498",61.9,"8,924",37.6,자동차,Sensitive
캐스텍코리아,한국투자증권㈜,2014-05-27,"6,500","5,863","10,372",76.9,"8,839",50.8,자동차,Sensitive
BGF리테일,삼성증권㈜,2014-05-19,"41,000","10,567","14,691",39.0,"14,227",34.6,유통,Protective
오이솔루션,대신증권㈜,2014-02-27,"10,000","6,142","12,285",100.0,"14,127",130.0,IT,Growth
인터파크INT,미래에셋증권 주식회사,2014-02-06,"7,700","7,700","15,400",100.0,"17,700",129.9,유통,Protective
한국정보인증,KB증권㈜,2014-02-04,"1,800","1,719","2,769",61.1,"3,184",85.3,IT,Growth
